1,경부선 하행,1341,15,06:00
2,경부선 하행,1341,24,06:11
3,경부선 하행,1341,317,06:22
4,경부선 하행,1341,16,06:30
5,경부선 하행,1341,272,06:39
6,경부선 하행,1341,17,06:47
7,경부선 하행,1341,18,06:57
8,경부선 하행,1341,215,07:04
9,경부선 하행,1341,224,07:12
10,경부선 하행,1341,210,07:19
11,경부선 하행,1341,19,07:24
12,경부선 하행,1341,143,07:30
13,경부선 하행,1341,20,07:40
14,경부선 하행,1351,10,05:05
15,경부선 하행,1351,22,05:18
16,경부선 하행,1351,11,05:37
17,경부선 하행,1351,128,05:49
18,경부선 하행,1351,12,06:09
19,경부선 하행,1351,13,06:26
20,경부선 하행,1351,14,06:39
21,경부선 하행,1351,23,06:59
22,경부선 하행,1351,15,07:06
23,경부선 하행,1351,24,07:17
24,경부선 하행,1351,16,07:33
25,경부선 하행,1351,272,07:42
26,경부선 하행,1351,17,07:50
27,경부선 하행,1351,18,08:00
28,경부선 하행,1351,215,08:08
29,경부선 하행,1351,224,08:16
30,경부선 하행,1351,210,08:24
31,경부선 하행,1351,19,08:29
32,경부선 하행,1351,143,08:35
33,경부선 하행,1351,20,08:45
34,경부선 하행,1353,10,05:45
35,경부선 하행,1353,11,06:15
36,경부선 하행,1353,12,06:44
37,경부선 하행,1353,13,07:01
38,경부선 하행,1353,312,07:06
39,경부선 하행,1353,230,07:14
40,경부선 하행,1353,14,07:20
41,경부선 하행,1353,223,07:29
42,경부선 하행,1353,23,07:42
43,경부선 하행,1353,15,07:48
44,경부선 하행,1353,24,07:58
45,경부선 하행,1353,16,08:14
46,경부선 하행,1353,272,08:22
47,경부선 하행,1353,17,08:31
48,경부선 하행,1353,18,08:41
49,경부선 하행,1353,215,08:48
50,경부선 하행,1353,224,08:55
51,경부선 하행,1353,19,09:05
52,경부선 하행,1353,20,09:18
53,경부선 하행,1355,10,06:25
54,경부선 하행,1355,22,06:37
55,경부선 하행,1355,11,06:56
56,경부선 하행,1355,128,07:07
57,경부선 하행,1355,133,07:14
58,경부선 하행,1355,12,07:28
59,경부선 하행,1355,13,07:44
60,경부선 하행,1355,230,07:53
61,경부선 하행,1355,14,07:59
62,경부선 하행,1355,223,08:07
63,경부선 하행,1355,23,08:20
64,경부선 하행,1355,15,08:26
65,경부선 하행,1355,24,08:35
66,경부선 하행,1355,16,08:52
67,경부선 하행,1355,272,09:01
68,경부선 하행,1355,17,09:09
69,경부선 하행,1355,18,09:19
70,경부선 하행,1355,224,09:32
71,경부선 하행,1355,19,09:42
72,경부선 하행,1355,20,09:56
73,경부선 하행,1201,1,05:50
74,경부선 하행,1201,2,06:01
75,경부선 하행,1201,3,06:24
76,경부선 하행,1201,4,06:45
77,경부선 하행,1201,5,07:00
78,경부선 하행,1201,7,07:21
79,경부선 하행,1201,8,07:30
80,경부선 하행,1201,9,07:40
81,경부선 하행,1201,10,07:53
82,경부선 하행,1201,22,08:05
83,경부선 하행,1201,11,08:24
84,경부선 하행,1201,12,08:51
85,경부선 하행,1201,13,09:08
86,경부선 하행,1201,14,09:24
87,경부선 하행,1201,23,09:45
88,경부선 하행,1201,15,09:52
89,경부선 하행,1201,24,10:03
90,경부선 하행,1201,16,10:18
91,경부선 하행,1201,272,10:27
92,경부선 하행,1201,17,10:35
93,경부선 하행,1201,18,10:45
94,경부선 하행,1201,210,11:02
95,경부선 하행,1201,19,11:07
96,경부선 하행,1201,20,11:20
97,경부선 하행,1001,1,06:15
98,경부선 하행,1001,2,06:27
99,경부선 하행,1001,3,06:48
100,경부선 하행,1001,5,07:19
101,경부선 하행,1001,10,08:03
102,경부선 하행,1001,11,08:31
103,경부선 하행,1001,12,08:57
104,경부선 하행,1001,13,09:12
105,경부선 하행,1001,23,09:41
106,경부선 하행,1001,15,09:48
107,경부선 하행,1001,17,10:20
108,경부선 하행,1001,224,10:39
109,경부선 하행,1001,19,10:49
110,경부선 하행,1001,20,11:01
111,경부선 하행,1203,1,06:40
112,경부선 하행,1203,2,06:53
113,경부선 하행,1203,135,07:05
114,경부선 하행,1203,3,07:19
115,경부선 하행,1203,4,07:39
116,경부선 하행,1203,5,07:54
117,경부선 하행,1203,7,08:16
118,경부선 하행,1203,10,08:42
119,경부선 하행,1203,11,09:10
120,경부선 하행,1203,12,09:37
121,경부선 하행,1203,13,09:54
122,경부선 하행,1203,14,10:07
123,경부선 하행,1203,23,10:27
124,경부선 하행,1203,15,10:34
125,경부선 하행,1203,24,10:44
126,경부선 하행,1203,317,10:55
127,경부선 하행,1203,16,11:03
128,경부선 하행,1203,17,11:16
129,경부선 하행,1203,224,11:35
130,경부선 하행,1203,19,11:46
131,경부선 하행,1203,20,11:59
132,경부선 하행,1721,1,06:56
133,경부선 하행,1721,2,07:09
134,경부선 하행,1721,135,07:20
135,경부선 하행,1721,3,07:33
136,경부선 하행,1721,141,07:43
137,경부선 하행,1721,243,07:50
138,경부선 하행,1721,4,07:57
139,경부선 하행,1721,5,08:13
140,경부선 하행,1721,999,08:33
141,경부선 하행,1041,1,07:10
142,경부선 하행,1041,2,07:22
143,경부선 하행,1041,3,07:45
144,경부선 하행,1041,4,08:05
145,경부선 하행,1041,5,08:18
146,경부선 하행,1041,7,08:38
147,경부선 하행,1041,10,09:04
148,경부선 하행,1041,12,09:56
149,경부선 하행,1041,13,10:11
150,경부선 하행,1041,23,10:40
151,경부선 하행,1041,15,10:47
152,경부선 하행,1041,24,10:58
153,경부선 하행,1041,17,11:24
154,경부선 하행,1041,19,11:49
155,경부선 하행,1041,190,12:04
156,경부선 하행,1041,127,12:18
157,경부선 하행,1205,1,07:17
158,경부선 하행,1205,2,07:29
159,경부선 하행,1205,3,07:52
160,경부선 하행,1205,141,08:03
161,경부선 하행,1205,4,08:15
162,경부선 하행,1205,5,08:30
163,경부선 하행,1205,7,08:51
164,경부선 하행,1205,8,08:59
165,경부선 하행,1205,10,09:20
166,경부선 하행,1205,22,09:31
167,경부선 하행,1205,11,09:51
168,경부선 하행,1205,12,10:18
169,경부선 하행,1205,13,10:35
170,경부선 하행,1205,14,10:49
171,경부선 하행,1205,23,11:09
172,경부선 하행,1205,15,11:15
173,경부선 하행,1205,24,11:26
174,경부선 하행,1205,16,11:41
175,경부선 하행,1205,17,11:55
176,경부선 하행,1205,18,12:05
177,경부선 하행,1205,224,12:18
178,경부선 하행,1205,19,12:30
179,경부선 하행,1205,20,12:43
180,경부선 하행,1207,1,08:08
181,경부선 하행,1207,2,08:19
182,경부선 하행,1207,135,08:31
183,경부선 하행,1207,3,08:45
184,경부선 하행,1207,4,09:06
185,경부선 하행,1207,5,09:21
186,경부선 하행,1207,7,09:42
187,경부선 하행,1207,9,09:58
188,경부선 하행,1207,10,10:10
189,경부선 하행,1207,22,10:22
190,경부선 하행,1207,11,10:42
191,경부선 하행,1207,128,10:53
192,경부선 하행,1207,12,11:12
193,경부선 하행,1207,13,11:28
194,경부선 하행,1207,14,11:41
195,경부선 하행,1207,23,12:00
196,경부선 하행,1207,15,12:06
197,경부선 하행,1207,24,12:18
198,경부선 하행,1207,16,12:34
199,경부선 하행,1207,17,12:49
200,경부선 하행,1207,18,12:59
201,경부선 하행,1207,224,13:12
202,경부선 하행,1207,19,13:23
203,경부선 하행,1207,20,13:36
204,경부선 하행,1031,1,08:40
205,경부선 하행,1031,2,08:51
206,경부선 하행,1031,3,09:13
207,경부선 하행,1031,5,09:44
208,경부선 하행,1031,7,10:04
209,경부선 하행,1031,10,10:31
210,경부선 하행,1031,12,11:24
211,경부선 하행,1031,13,11:40
212,경부선 하행,1031,23,12:09
213,경부선 하행,1031,15,12:15
214,경부선 하행,1031,24,12:25
215,경부선 하행,1031,17,12:52
216,경부선 하행,1031,999,14:07
217,경부선 하행,1003,1,09:15
218,경부선 하행,1003,2,09:26
219,경부선 하행,1003,3,09:49
220,경부선 하행,1003,5,10:19
221,경부선 하행,1003,7,10:40
222,경부선 하행,1003,10,11:05
223,경부선 하행,1003,11,11:33
224,경부선 하행,1003,12,12:00
225,경부선 하행,1003,13,12:16
226,경부선 하행,1003,23,12:45
227,경부선 하행,1003,15,12:51
228,경부선 하행,1003,16,13:13
229,경부선 하행,1003,19,13:51
230,경부선 하행,1003,20,14:04
231,경부선 하행,1209,1,09:55
232,경부선 하행,1209,2,10:08
233,경부선 하행,1209,3,10:30
234,경부선 하행,1209,4,10:50
235,경부선 하행,1209,5,11:05
236,경부선 하행,1209,6,11:18
237,경부선 하행,1209,7,11:29
238,경부선 하행,1209,9,11:47
239,경부선 하행,1209,10,12:01
240,경부선 하행,1209,22,12:14
241,경부선 하행,1209,245,12:26
242,경부선 하행,1209,11,12:36
243,경부선 하행,1209,133,12:52
244,경부선 하행,1209,12,13:06
245,경부선 하행,1209,13,13:21
246,경부선 하행,1209,14,13:34
247,경부선 하행,1209,23,13:54
248,경부선 하행,1209,15,14:01
249,경부선 하행,1209,24,14:11
250,경부선 하행,1209,317,14:22
251,경부선 하행,1209,16,14:30
252,경부선 하행,1209,17,14:44
253,경부선 하행,1209,19,15:11
254,경부선 하행,1209,20,15:24
255,경부선 하행,1301,1,10:36
256,경부선 하행,1301,2,10:47
257,경부선 하행,1301,3,11:09
258,경부선 하행,1301,4,11:29
259,경부선 하행,1301,5,11:43
260,경부선 하행,1301,7,12:04
261,경부선 하행,1301,8,12:13
262,경부선 하행,1301,10,12:33
263,경부선 하행,1301,22,12:45
264,경부선 하행,1301,308,12:55
265,경부선 하행,1301,11,13:07
266,경부선 하행,1301,12,13:34
267,경부선 하행,1301,13,13:50
268,경부선 하행,1301,14,14:03
269,경부선 하행,1301,23,14:22
270,경부선 하행,1301,15,14:27
271,경부선 하행,1005,1,10:55
272,경부선 하행,1005,2,11:09
273,경부선 하행,1005,3,11:30
274,경부선 하행,1005,4,11:50
275,경부선 하행,1005,5,12:04
276,경부선 하행,1005,10,12:48
277,경부선 하행,1005,12,13:41
278,경부선 하행,1005,13,13:58
279,경부선 하행,1005,23,14:27
280,경부선 하행,1005,15,14:34
281,경부선 하행,1005,24,14:48
282,경부선 하행,1005,17,15:14
283,경부선 하행,1005,224,15:32
284,경부선 하행,1005,19,15:43
285,경부선 하행,1005,20,15:56
286,경부선 하행,1211,1,11:05
287,경부선 하행,1211,2,11:16
288,경부선 하행,1211,3,11:38
289,경부선 하행,1211,4,11:59
290,경부선 하행,1211,5,12:14
291,경부선 하행,1211,6,12:27
292,경부선 하행,1211,7,12:38
293,경부선 하행,1211,10,13:05
294,경부선 하행,1211,22,13:18
295,경부선 하행,1211,11,13:38
296,경부선 하행,1211,128,13:49
297,경부선 하행,1211,133,13:57
298,경부선 하행,1211,12,14:11
299,경부선 하행,1211,13,14:28
300,경부선 하행,1211,14,14:42
301,경부선 하행,1211,23,15:02
302,경부선 하행,1211,15,15:08
303,경부선 하행,1211,24,15:19
304,경부선 하행,1211,16,15:35
305,경부선 하행,1211,272,15:44
306,경부선 하행,1211,17,15:53
307,경부선 하행,1211,215,16:10
308,경부선 하행,1211,210,16:23
309,경부선 하행,1211,19,16:29
310,경부선 하행,1211,20,16:42
311,경부선 하행,1007,1,11:50
312,경부선 하행,1007,2,12:01
313,경부선 하행,1007,3,12:23
314,경부선 하행,1007,4,12:44
315,경부선 하행,1007,5,12:58
316,경부선 하행,1007,7,13:20
317,경부선 하행,1007,10,13:46
318,경부선 하행,1007,11,14:15
319,경부선 하행,1007,12,14:42
320,경부선 하행,1007,13,14:59
321,경부선 하행,1007,14,15:12
322,경부선 하행,1007,23,15:31
323,경부선 하행,1007,15,15:37
324,경부선 하행,1007,17,16:11
325,경부선 하행,1007,224,16:30
326,경부선 하행,1007,19,16:40
327,경부선 하행,1007,20,16:52
328,경부선 하행,1311,1,12:05
329,경부선 하행,1311,2,12:16
330,경부선 하행,1311,3,12:37
331,경부선 하행,1311,141,12:47
332,경부선 하행,1311,243,12:55
333,경부선 하행,1311,4,13:02
334,경부선 하행,1311,248,13:09
335,경부선 하행,1311,5,13:18
336,경부선 하행,1311,7,13:39
337,경부선 하행,1311,10,14:05
338,경부선 하행,1043,1,12:45
339,경부선 하행,1043,2,12:54
340,경부선 하행,1043,3,13:16
341,경부선 하행,1043,5,13:46
342,경부선 하행,1043,10,14:31
343,경부선 하행,1043,12,15:23
344,경부선 하행,1043,13,15:38
345,경부선 하행,1043,23,16:06
346,경부선 하행,1043,15,16:12
347,경부선 하행,1043,17,16:45
348,경부선 하행,1043,19,17:10
349,경부선 하행,1043,190,17:24
350,경부선 하행,1043,127,17:38
351,경부선 하행,1213,1,13:03
352,경부선 하행,1213,2,13:14
353,경부선 하행,1213,3,13:37
354,경부선 하행,1213,4,13:57
355,경부선 하행,1213,5,14:12
356,경부선 하행,1213,7,14:33
357,경부선 하행,1213,10,15:00
358,경부선 하행,1213,22,15:13
359,경부선 하행,1213,245,15:26
360,경부선 하행,1213,11,15:35
361,경부선 하행,1213,128,15:46
362,경부선 하행,1213,133,15:53
363,경부선 하행,1213,12,16:08
364,경부선 하행,1213,13,16:24
365,경부선 하행,1213,14,16:38
366,경부선 하행,1213,23,16:58
367,경부선 하행,1213,15,17:04
368,경부선 하행,1213,24,17:14
369,경부선 하행,1213,16,17:29
370,경부선 하행,1213,272,17:37
371,경부선 하행,1213,17,17:45
372,경부선 하행,1213,18,17:55
373,경부선 하행,1213,224,18:08
374,경부선 하행,1213,19,18:18
375,경부선 하행,1213,20,18:31
376,경부선 하행,1009,1,14:05
377,경부선 하행,1009,2,14:17
378,경부선 하행,1009,3,14:38
379,경부선 하행,1009,4,14:58
380,경부선 하행,1009,5,15:12
381,경부선 하행,1009,10,15:56
382,경부선 하행,1009,11,16:24
383,경부선 하행,1009,12,16:52
384,경부선 하행,1009,13,17:08
385,경부선 하행,1009,23,17:38
386,경부선 하행,1009,15,17:45
387,경부선 하행,1009,16,18:08
388,경부선 하행,1009,17,18:22
389,경부선 하행,1009,19,18:47
390,경부선 하행,1009,20,18:59
391,경부선 하행,1215,1,14:25
392,경부선 하행,1215,2,14:38
393,경부선 하행,1215,3,15:01
394,경부선 하행,1215,4,15:21
395,경부선 하행,1215,5,15:36
396,경부선 하행,1215,7,15:58
397,경부선 하행,1215,9,16:14
398,경부선 하행,1215,10,16:27
399,경부선 하행,1215,22,16:39
400,경부선 하행,1215,11,16:59
401,경부선 하행,1215,12,17:27
402,경부선 하행,1215,13,17:45
403,경부선 하행,1215,14,17:59
404,경부선 하행,1215,23,18:18
405,경부선 하행,1215,15,18:25
406,경부선 하행,1215,24,18:36
407,경부선 하행,1215,16,18:52
408,경부선 하행,1215,17,19:05
409,경부선 하행,1215,18,19:15
410,경부선 하행,1215,224,19:27
411,경부선 하행,1215,19,19:38
412,경부선 하행,1215,20,19:51
413,경부선 하행,1217,1,15:10
414,경부선 하행,1217,2,15:20
415,경부선 하행,1217,3,15:43
416,경부선 하행,1217,4,16:03
417,경부선 하행,1217,5,16:16
418,경부선 하행,1217,6,16:29
419,경부선 하행,1217,7,16:42
420,경부선 하행,1217,9,16:59
421,경부선 하행,1217,10,17:13
422,경부선 하행,1217,11,17:43
423,경부선 하행,1217,12,18:10
424,경부선 하행,1217,13,18:27
425,경부선 하행,1217,14,18:41
426,경부선 하행,1217,23,19:01
427,경부선 하행,1217,15,19:08
428,경부선 하행,1217,24,19:18
429,경부선 하행,1217,16,19:34
430,경부선 하행,1217,272,19:42
431,경부선 하행,1217,17,19:53
432,경부선 하행,1217,18,20:05
433,경부선 하행,1217,224,20:18
434,경부선 하행,1217,19,20:27
435,경부선 하행,1217,20,20:40
436,경부선 하행,1313,1,15:30
437,경부선 하행,1313,2,15:42
438,경부선 하행,1313,3,16:06
439,경부선 하행,1313,4,16:27
440,경부선 하행,1313,5,16:42
441,경부선 하행,1313,7,17:05
442,경부선 하행,1313,9,17:24
443,경부선 하행,1313,10,17:42
444,경부선 하행,1313,11,18:13
445,경부선 하행,1313,12,18:41
446,경부선 하행,1313,13,18:58
447,경부선 하행,1313,14,19:12
448,경부선 하행,1313,23,19:31
449,경부선 하행,1313,15,19:36
450,경부선 하행,1303,1,16:10
451,경부선 하행,1303,2,16:23
452,경부선 하행,1303,3,16:46
453,경부선 하행,1303,4,17:08
454,경부선 하행,1303,5,17:23
455,경부선 하행,1303,7,17:44
456,경부선 하행,1303,9,18:01
457,경부선 하행,1303,10,18:14
458,경부선 하행,1303,22,18:27
459,경부선 하행,1303,245,18:40
460,경부선 하행,1303,11,18:49
461,경부선 하행,1303,128,19:00
462,경부선 하행,1303,12,19:20
463,경부선 하행,1303,13,19:36
464,경부선 하행,1303,230,19:46
465,경부선 하행,1303,14,19:53
466,경부선 하행,1303,23,20:13
467,경부선 하행,1303,15,20:18
468,경부선 하행,1011,1,15:55
469,경부선 하행,1011,2,16:04
470,경부선 하행,1011,3,16:26
471,경부선 하행,1011,4,16:46
472,경부선 하행,1011,5,16:59
473,경부선 하행,1011,10,17:40
474,경부선 하행,1011,12,18:32
475,경부선 하행,1011,13,18:48
476,경부선 하행,1011,23,19:17
477,경부선 하행,1011,15,19:23
478,경부선 하행,1011,19,20:16
479,경부선 하행,1011,20,20:28
480,경부선 하행,1273,1,16:40
481,경부선 하행,1273,2,16:52
482,경부선 하행,1273,3,17:17
483,경부선 하행,1273,4,17:41
484,경부선 하행,1273,5,17:55
485,경부선 하행,1273,7,18:18
486,경부선 하행,1273,9,18:35
487,경부선 하행,1273,10,18:48
488,경부선 하행,1273,22,19:00
489,경부선 하행,1273,300,19:08
490,경부선 하행,1273,245,19:16
491,경부선 하행,1273,11,19:25
492,경부선 하행,1273,128,19:36
493,경부선 하행,1273,133,19:43
494,경부선 하행,1273,12,19:57
495,경부선 하행,1273,13,20:14
496,경부선 하행,1273,312,20:20
497,경부선 하행,1273,14,20:31
498,경부선 하행,1273,23,20:51
499,경부선 하행,1273,15,20:57
500,경부선 하행,1273,24,21:09
501,경부선 하행,1273,16,21:25
502,경부선 하행,1273,17,21:40
503,경부선 하행,1273,999,23:11
504,경부선 하행,1315,1,16:50
505,경부선 하행,1315,2,17:02
506,경부선 하행,1315,3,17:26
507,경부선 하행,1315,4,17:47
508,경부선 하행,1315,248,17:55
509,경부선 하행,1315,5,18:04
510,경부선 하행,1315,6,18:18
511,경부선 하행,1315,7,18:29
512,경부선 하행,1315,9,18:45
513,경부선 하행,1315,10,18:58
514,경부선 하행,1723,1,16:56
515,경부선 하행,1723,2,17:08
516,경부선 하행,1723,135,17:19
517,경부선 하행,1723,3,17:32
518,경부선 하행,1723,141,17:42
519,경부선 하행,1723,4,17:54
520,경부선 하행,1723,5,18:10
521,경부선 하행,1723,999,18:30
522,경부선 하행,1219,1,17:40
523,경부선 하행,1219,2,17:52
524,경부선 하행,1219,3,18:14
525,경부선 하행,1219,4,18:35
526,경부선 하행,1219,5,18:50
527,경부선 하행,1219,7,19:12
528,경부선 하행,1219,8,19:21
529,경부선 하행,1219,9,19:32
530,경부선 하행,1219,10,19:46
531,경부선 하행,1219,22,19:58
532,경부선 하행,1219,11,20:18
533,경부선 하행,1219,133,20:33
534,경부선 하행,1219,12,20:48
535,경부선 하행,1219,13,21:04
536,경부선 하행,1219,14,21:18
537,경부선 하행,1219,23,21:38
538,경부선 하행,1219,15,21:45
539,경부선 하행,1219,24,21:55
540,경부선 하행,1219,16,22:11
541,경부선 하행,1219,17,22:25
542,경부선 하행,1219,18,22:35
543,경부선 하행,1219,224,22:47
544,경부선 하행,1219,19,22:57
545,경부선 하행,1219,20,23:10
546,경부선 하행,1281,1,17:52
547,경부선 하행,1281,2,18:03
548,경부선 하행,1281,3,18:24
549,경부선 하행,1281,4,18:44
550,경부선 하행,1281,5,18:58
551,경부선 하행,1281,6,19:11
552,경부선 하행,1281,999,20:57
553,경부선 하행,1221,1,18:19
554,경부선 하행,1221,2,18:30
555,경부선 하행,1221,3,18:52
556,경부선 하행,1221,4,19:12
557,경부선 하행,1221,5,19:28
558,경부선 하행,1221,7,19:50
559,경부선 하행,1221,9,20:06
560,경부선 하행,1221,10,20:19
561,경부선 하행,1221,11,20:48
562,경부선 하행,1221,128,20:59
563,경부선 하행,1221,12,21:19
564,경부선 하행,1221,13,21:36
565,경부선 하행,1221,14,21:50
566,경부선 하행,1221,23,22:09
567,경부선 하행,1221,15,22:15
568,경부선 하행,1221,24,22:25
569,경부선 하행,1221,16,22:41
570,경부선 하행,1221,17,22:55
571,경부선 하행,1221,18,23:05
572,경부선 하행,1221,210,23:22
573,경부선 하행,1221,19,23:27
574,경부선 하행,1221,20,23:40
575,경부선 하행,1033,1,19:10
576,경부선 하행,1033,2,19:21
577,경부선 하행,1033,3,19:44
578,경부선 하행,1033,5,20:16
579,경부선 하행,1033,7,20:37
580,경부선 하행,1033,10,21:04
581,경부선 하행,1033,12,21:57
582,경부선 하행,1033,13,22:13
583,경부선 하행,1033,14,22:26
584,경부선 하행,1033,23,22:45
585,경부선 하행,1033,15,22:51
586,경부선 하행,1033,17,23:23
587,경부선 하행,1033,999,00:40
588,경부선 하행,1223,1,19:15
589,경부선 하행,1223,2,19:28
590,경부선 하행,1223,135,19:40
591,경부선 하행,1223,3,19:54
592,경부선 하행,1223,4,20:15
593,경부선 하행,1223,5,20:31
594,경부선 하행,1223,7,20:54
595,경부선 하행,1223,9,21:10
596,경부선 하행,1223,10,21:24
597,경부선 하행,1223,300,21:42
598,경부선 하행,1223,11,21:57
599,경부선 하행,1223,12,22:25
600,경부선 하행,1223,13,22:42
601,경부선 하행,1223,14,22:56
602,경부선 하행,1223,23,23:16
603,경부선 하행,1223,15,23:23
604,경부선 하행,1223,24,23:33
605,경부선 하행,1223,16,23:51
606,경부선 하행,1223,17,00:05
607,경부선 하행,1223,19,00:32
608,경부선 하행,1223,20,00:45
609,경부선 하행,1305,1,19:40
610,경부선 하행,1305,2,19:53
611,경부선 하행,1305,135,20:05
612,경부선 하행,1305,3,20:19
613,경부선 하행,1305,141,20:30
614,경부선 하행,1305,4,20:42
615,경부선 하행,1305,5,20:58
616,경부선 하행,1305,7,21:19
617,경부선 하행,1305,8,21:28
618,경부선 하행,1305,9,21:38
619,경부선 하행,1305,10,21:51
620,경부선 하행,1305,22,22:03
621,경부선 하행,1305,11,22:22
622,경부선 하행,1305,12,22:49
623,경부선 하행,1305,13,23:05
624,경부선 하행,1305,14,23:18
625,경부선 하행,1305,23,23:37
626,경부선 하행,1305,15,23:41
627,경부선 하행,1013,1,20:20
628,경부선 하행,1013,2,20:30
629,경부선 하행,1013,3,20:51
630,경부선 하행,1013,5,21:22
631,경부선 하행,1013,10,22:07
632,경부선 하행,1013,12,22:59
633,경부선 하행,1013,13,23:15
634,경부선 하행,1013,23,23:45
635,경부선 하행,1013,15,23:51
636,경부선 하행,1013,17,00:24
637,경부선 하행,1013,19,00:50
638,경부선 하행,1013,20,01:03
639,경부선 하행,1317,1,20:05
640,경부선 하행,1317,2,20:17
641,경부선 하행,1317,3,20:39
642,경부선 하행,1317,4,21:00
643,경부선 하행,1317,5,21:15
644,경부선 하행,1317,6,21:28
645,경부선 하행,1317,7,21:42
646,경부선 하행,1317,9,21:59
647,경부선 하행,1317,10,22:11
648,경부선 하행,1225,1,21:50
649,경부선 하행,1225,2,22:01
650,경부선 하행,1225,3,22:24
651,경부선 하행,1225,4,22:45
652,경부선 하행,1225,5,23:00
653,경부선 하행,1225,7,23:23
654,경부선 하행,1225,9,23:40
655,경부선 하행,1225,10,23:53
656,경부선 하행,1225,22,00:06
657,경부선 하행,1225,11,00:27
658,경부선 하행,1225,12,00:55
659,경부선 하행,1225,13,01:11
660,경부선 하행,1225,14,01:25
661,경부선 하행,1225,23,01:45
662,경부선 하행,1225,15,01:52
663,경부선 하행,1225,17,02:27
664,경부선 하행,1225,19,02:55
665,경부선 하행,1225,20,03:09
666,경부선 하행,1307,1,22:55
667,경부선 하행,1307,2,23:08
668,경부선 하행,1307,3,23:31
669,경부선 하행,1307,4,23:53
670,경부선 하행,1307,5,00:08
671,경부선 하행,1307,7,00:29
672,경부선 하행,1307,10,00:56
673,경부선 하행,1307,11,01:26
674,경부선 하행,1307,12,01:55
675,경부선 하행,1307,13,02:10
676,경부선 하행,1307,14,02:24
677,경부선 하행,1307,23,02:43
678,경부선 하행,1307,15,02:47
679,경부선 상행,1312,10,05:50
680,경부선 상행,1312,9,06:02
681,경부선 상행,1312,8,06:12
682,경부선 상행,1312,7,06:22
683,경부선 상행,1312,6,06:34
684,경부선 상행,1312,5,06:49
685,경부선 상행,1312,4,07:06
686,경부선 상행,1312,3,07:30
687,경부선 상행,1312,135,07:46
688,경부선 상행,1312,2,08:01
689,경부선 상행,1312,1,08:12
690,경부선 상행,1316,10,06:15
691,경부선 상행,1316,7,06:42
692,경부선 상행,1316,6,06:53
693,경부선 상행,1316,5,07:07
694,경부선 상행,1316,4,07:21
695,경부선 상행,1316,141,07:34
696,경부선 상행,1316,3,07:47
697,경부선 상행,1316,2,08:11
698,경부선 상행,1316,1,08:20
699,경부선 상행,1314,15,04:25
700,경부선 상행,1314,23,04:32
701,경부선 상행,1314,14,04:51
702,경부선 상행,1314,13,05:05
703,경부선 상행,1314,12,05:22
704,경부선 상행,1314,11,05:51
705,경부선 상행,1314,22,06:12
706,경부선 상행,1314,10,06:26
707,경부선 상행,1314,7,06:52
708,경부선 상행,1314,5,07:14
709,경부선 상행,1314,248,07:24
710,경부선 상행,1314,4,07:32
711,경부선 상행,1314,243,07:40
712,경부선 상행,1314,141,07:50
713,경부선 상행,1314,3,08:03
714,경부선 상행,1314,135,08:17
715,경부선 상행,1314,2,08:33
716,경부선 상행,1314,1,08:45
717,경부선 상행,1318,10,07:55
718,경부선 상행,1318,9,08:07
719,경부선 상행,1318,8,08:17
720,경부선 상행,1318,7,08:25
721,경부선 상행,1318,6,08:36
722,경부선 상행,1318,5,08:51
723,경부선 상행,1318,248,09:00
724,경부선 상행,1318,4,09:07
725,경부선 상행,1318,3,09:29
726,경부선 상행,1318,2,09:51
727,경부선 상행,1318,1,10:01
728,경부선 상행,1722,999,09:09
729,경부선 상행,1722,5,09:30
730,경부선 상행,1722,4,09:47
731,경부선 상행,1722,243,09:54
732,경부선 상행,1722,141,10:01
733,경부선 상행,1722,3,10:13
734,경부선 상행,1722,135,10:26
735,경부선 상행,1722,2,10:37
736,경부선 상행,1722,1,10:46
737,경부선 상행,1202,20,05:10
738,경부선 상행,1202,19,05:25
739,경부선 상행,1202,224,05:35
740,경부선 상행,1202,18,05:48
741,경부선 상행,1202,17,05:58
742,경부선 상행,1202,16,06:13
743,경부선 상행,1202,24,06:29
744,경부선 상행,1202,15,06:41
745,경부선 상행,1202,23,06:48
746,경부선 상행,1202,14,07:07
747,경부선 상행,1202,230,07:14
748,경부선 상행,1202,13,07:24
749,경부선 상행,1202,12,07:41
750,경부선 상행,1202,133,07:57
751,경부선 상행,1202,128,08:04
752,경부선 상행,1202,11,08:16
753,경부선 상행,1202,300,08:31
754,경부선 상행,1202,22,08:38
755,경부선 상행,1202,10,08:52
756,경부선 상행,1202,9,09:04
757,경부선 상행,1202,7,09:21
758,경부선 상행,1202,5,09:43
759,경부선 상행,1202,4,09:59
760,경부선 상행,1202,3,10:21
761,경부선 상행,1202,135,10:34
762,경부선 상행,1202,2,10:47
763,경부선 상행,1202,1,10:57
764,경부선 상행,1204,20,05:37
765,경부선 상행,1204,19,05:51
766,경부선 상행,1204,210,05:56
767,경부선 상행,1204,224,06:04
768,경부선 상행,1204,18,06:17
769,경부선 상행,1204,17,06:27
770,경부선 상행,1204,16,06:41
771,경부선 상행,1204,24,06:57
772,경부선 상행,1204,15,07:08
773,경부선 상행,1204,23,07:15
774,경부선 상행,1204,14,07:34
775,경부선 상행,1204,13,07:48
776,경부선 상행,1204,12,08:04
777,경부선 상행,1204,11,08:33
778,경부선 상행,1204,10,09:04
779,경부선 상행,1204,9,09:15
780,경부선 상행,1204,7,09:32
781,경부선 상행,1204,5,09:54
782,경부선 상행,1204,4,10:08
783,경부선 상행,1204,3,10:29
784,경부선 상행,1204,2,10:54
785,경부선 상행,1204,1,11:04
786,경부선 상행,1002,20,06:25
787,경부선 상행,1002,19,06:39
788,경부선 상행,1002,17,07:04
789,경부선 상행,1002,16,07:17
790,경부선 상행,1002,15,07:41
791,경부선 상행,1002,23,07:47
792,경부선 상행,1002,13,08:16
793,경부선 상행,1002,12,08:33
794,경부선 상행,1002,10,09:27
795,경부선 상행,1002,7,09:51
796,경부선 상행,1002,5,10:13
797,경부선 상행,1002,3,10:43
798,경부선 상행,1002,2,11:04
799,경부선 상행,1002,1,11:13
800,경부선 상행,1302,15,08:05
801,경부선 상행,1302,23,08:12
802,경부선 상행,1302,14,08:31
803,경부선 상행,1302,13,08:44
804,경부선 상행,1302,12,09:00
805,경부선 상행,1302,128,09:19
806,경부선 상행,1302,11,09:30
807,경부선 상행,1302,245,09:39
808,경부선 상행,1302,22,09:52
809,경부선 상행,1302,10,10:05
810,경부선 상행,1302,9,10:17
811,경부선 상행,1302,7,10:34
812,경부선 상행,1302,5,10:56
813,경부선 상행,1302,4,11:10
814,경부선 상행,1302,3,11:31
815,경부선 상행,1302,2,11:54
816,경부선 상행,1302,1,12:03
817,경부선 상행,1282,999,09:05
818,경부선 상행,1282,6,10:55
819,경부선 상행,1282,5,11:08
820,경부선 상행,1282,4,11:22
821,경부선 상행,1282,3,11:43
822,경부선 상행,1282,2,12:06
823,경부선 상행,1282,1,12:16
824,경부선 상행,1206,20,07:05
825,경부선 상행,1206,19,07:19
826,경부선 상행,1206,210,07:24
827,경부선 상행,1206,18,07:41
828,경부선 상행,1206,17,07:50
829,경부선 상행,1206,16,08:03
830,경부선 상행,1206,24,08:19
831,경부선 상행,1206,15,08:30
832,경부선 상행,1206,23,08:37
833,경부선 상행,1206,14,08:56
834,경부선 상행,1206,230,09:02
835,경부선 상행,1206,13,09:11
836,경부선 상행,1206,12,09:27
837,경부선 상행,1206,11,09:55
838,경부선 상행,1206,300,10:10
839,경부선 상행,1206,22,10:17
840,경부선 상행,1206,10,10:30
841,경부선 상행,1206,9,10:42
842,경부선 상행,1206,7,10:57
843,경부선 상행,1206,5,11:18
844,경부선 상행,1206,4,11:32
845,경부선 상행,1206,3,11:53
846,경부선 상행,1206,135,12:06
847,경부선 상행,1206,2,12:19
848,경부선 상행,1206,1,12:28
849,경부선 상행,1274,999,06:40
850,경부선 상행,1274,17,08:11
851,경부선 상행,1274,16,08:25
852,경부선 상행,1274,24,08:41
853,경부선 상행,1274,15,08:53
854,경부선 상행,1274,23,09:00
855,경부선 상행,1274,14,09:19
856,경부선 상행,1274,13,09:33
857,경부선 상행,1274,12,09:49
858,경부선 상행,1274,11,10:16
859,경부선 상행,1274,10,10:46
860,경부선 상행,1274,9,10:58
861,경부선 상행,1274,7,11:14
862,경부선 상행,1274,5,11:37
863,경부선 상행,1274,4,11:51
864,경부선 상행,1274,3,12:12
865,경부선 상행,1274,2,12:35
866,경부선 상행,1274,1,12:44
867,경부선 상행,1208,20,07:50
868,경부선 상행,1208,19,08:04
869,경부선 상행,1208,224,08:14
870,경부선 상행,1208,215,08:21
871,경부선 상행,1208,18,08:28
872,경부선 상행,1208,17,08:38
873,경부선 상행,1208,272,08:46
874,경부선 상행,1208,16,08:54
875,경부선 상행,1208,24,09:10
876,경부선 상행,1208,15,09:23
877,경부선 상행,1208,23,09:29
878,경부선 상행,1208,14,09:48
879,경부선 상행,1208,13,10:02
880,경부선 상행,1208,12,10:18
881,경부선 상행,1208,133,10:32
882,경부선 상행,1208,11,10:48
883,경부선 상행,1208,22,11:07
884,경부선 상행,1208,10,11:21
885,경부선 상행,1208,9,11:36
886,경부선 상행,1208,7,11:53
887,경부선 상행,1208,5,12:15
888,경부선 상행,1208,4,12:29
889,경부선 상행,1208,3,12:50
890,경부선 상행,1208,2,13:14
891,경부선 상행,1208,1,13:23
892,경부선 상행,1004,20,09:10
893,경부선 상행,1004,19,09:24
894,경부선 상행,1004,17,09:50
895,경부선 상행,1004,24,10:15
896,경부선 상행,1004,15,10:27
897,경부선 상행,1004,23,10:33
898,경부선 상행,1004,13,11:01
899,경부선 상행,1004,12,11:17
900,경부선 상행,1004,11,11:44
901,경부선 상행,1004,10,12:12
902,경부선 상행,1004,5,12:55
903,경부선 상행,1004,3,13:26
904,경부선 상행,1004,2,13:48
905,경부선 상행,1004,1,13:57
906,경부선 상행,1032,999,09:10
907,경부선 상행,1032,17,10:23
908,경부선 상행,1032,15,10:56
909,경부선 상행,1032,23,11:02
910,경부선 상행,1032,14,11:20
911,경부선 상행,1032,13,11:33
912,경부선 상행,1032,12,11:49
913,경부선 상행,1032,10,12:42
914,경부선 상행,1032,7,13:06
915,경부선 상행,1032,5,13:28
916,경부선 상행,1032,4,13:41
917,경부선 상행,1032,3,14:03
918,경부선 상행,1032,2,14:25
919,경부선 상행,1032,1,14:34
920,경부선 상행,1210,20,09:17
921,경부선 상행,1210,19,09:31
922,경부선 상행,1210,210,09:36
923,경부선 상행,1210,224,09:44
924,경부선 상행,1210,215,09:51
925,경부선 상행,1210,18,09:59
926,경부선 상행,1210,17,10:09
927,경부선 상행,1210,16,10:22
928,경부선 상행,1210,24,10:38
929,경부선 상행,1210,15,10:50
930,경부선 상행,1210,23,10:57
931,경부선 상행,1210,14,11:16
932,경부선 상행,1210,13,11:30
933,경부선 상행,1210,12,11:46
934,경부선 상행,1210,11,12:15
935,경부선 상행,1210,245,12:25
936,경부선 상행,1210,10,12:49
937,경부선 상행,1210,9,13:01
938,경부선 상행,1210,7,13:19
939,경부선 상행,1210,5,13:40
940,경부선 상행,1210,4,13:54
941,경부선 상행,1210,3,14:15
942,경부선 상행,1210,2,14:36
943,경부선 상행,1210,1,14:45
944,경부선 상행,1304,15,11:07
945,경부선 상행,1304,23,11:14
946,경부선 상행,1304,14,11:33
947,경부선 상행,1304,230,11:39
948,경부선 상행,1304,13,11:49
949,경부선 상행,1304,12,12:05
950,경부선 상행,1304,128,12:23
951,경부선 상행,1304,11,12:34
952,경부선 상행,1304,22,12:53
953,경부선 상행,1304,10,13:06
954,경부선 상행,1304,9,13:18
955,경부선 상행,1304,7,13:33
956,경부선 상행,1304,5,13:54
957,경부선 상행,1304,4,14:08
958,경부선 상행,1304,3,14:29
959,경부선 상행,1304,2,14:52
960,경부선 상행,1304,1,15:02
961,경부선 상행,1212,20,10:20
962,경부선 상행,1212,19,10:35
963,경부선 상행,1212,210,10:40
964,경부선 상행,1212,224,10:48
965,경부선 상행,1212,18,11:00
966,경부선 상행,1212,17,11:10
967,경부선 상행,1212,272,11:18
968,경부선 상행,1212,16,11:26
969,경부선 상행,1212,317,11:34
970,경부선 상행,1212,24,11:45
971,경부선 상행,1212,15,11:57
972,경부선 상행,1212,23,12:04
973,경부선 상행,1212,14,12:23
974,경부선 상행,1212,13,12:37
975,경부선 상행,1212,12,12:53
976,경부선 상행,1212,11,13:20
977,경부선 상행,1212,10,13:49
978,경부선 상행,1212,7,14:14
979,경부선 상행,1212,5,14:36
980,경부선 상행,1212,4,14:51
981,경부선 상행,1212,3,15:12
982,경부선 상행,1212,2,15:34
983,경부선 상행,1212,1,15:43
984,경부선 상행,1352,20,10:53
985,경부선 상행,1352,19,11:07
986,경부선 상행,1352,210,11:12
987,경부선 상행,1352,18,11:29
988,경부선 상행,1352,17,11:38
989,경부선 상행,1352,16,11:51
990,경부선 상행,1352,24,12:07
991,경부선 상행,1352,15,12:18
992,경부선 상행,1352,23,12:25
993,경부선 상행,1352,14,12:44
994,경부선 상행,1352,13,12:58
995,경부선 상행,1352,12,13:14
996,경부선 상행,1352,133,13:28
997,경부선 상행,1352,128,13:35
998,경부선 상행,1352,11,13:46
999,경부선 상행,1352,22,14:05
1000,경부선 상행,1352,10,14:16
1001,경부선 상행,1006,20,11:25
1002,경부선 상행,1006,19,11:39
1003,경부선 상행,1006,224,11:49
1004,경부선 상행,1006,17,12:07
1005,경부선 상행,1006,15,12:42
1006,경부선 상행,1006,23,12:48
1007,경부선 상행,1006,13,13:17
1008,경부선 상행,1006,12,13:34
1009,경부선 상행,1006,10,14:28
1010,경부선 상행,1006,5,15:10
1011,경부선 상행,1006,4,15:24
1012,경부선 상행,1006,3,15:44
1013,경부선 상행,1006,2,16:06
1014,경부선 상행,1006,1,16:15
1015,경부선 상행,1214,20,11:35
1016,경부선 상행,1214,19,11:49
1017,경부선 상행,1214,17,12:14
1018,경부선 상행,1214,16,12:28
1019,경부선 상행,1214,24,12:44
1020,경부선 상행,1214,15,12:55
1021,경부선 상행,1214,23,13:02
1022,경부선 상행,1214,14,13:21
1023,경부선 상행,1214,13,13:36
1024,경부선 상행,1214,12,13:53
1025,경부선 상행,1214,11,14:21
1026,경부선 상행,1214,22,14:41
1027,경부선 상행,1214,10,14:54
1028,경부선 상행,1214,7,15:19
1029,경부선 상행,1214,5,15:41
1030,경부선 상행,1214,4,15:56
1031,경부선 상행,1214,3,16:18
1032,경부선 상행,1214,2,16:42
1033,경부선 상행,1214,1,16:51
1034,경부선 상행,1044,127,12:40
1035,경부선 상행,1044,190,12:55
1036,경부선 상행,1044,19,13:11
1037,경부선 상행,1044,17,13:35
1038,경부선 상행,1044,15,14:09
1039,경부선 상행,1044,23,14:15
1040,경부선 상행,1044,13,14:43
1041,경부선 상행,1044,12,14:59
1042,경부선 상행,1044,10,15:52
1043,경부선 상행,1044,5,16:35
1044,경부선 상행,1044,3,17:06
1045,경부선 상행,1044,2,17:29
1046,경부선 상행,1044,1,17:40
1047,경부선 상행,1216,20,12:40
1048,경부선 상행,1216,19,12:55
1049,경부선 상행,1216,224,13:05
1050,경부선 상행,1216,18,13:17
1051,경부선 상행,1216,17,13:26
1052,경부선 상행,1216,16,13:40
1053,경부선 상행,1216,317,13:47
1054,경부선 상행,1216,24,14:00
1055,경부선 상행,1216,15,14:13
1056,경부선 상행,1216,23,14:20
1057,경부선 상행,1216,14,14:39
1058,경부선 상행,1216,230,14:45
1059,경부선 상행,1216,13,14:56
1060,경부선 상행,1216,12,15:13
1061,경부선 상행,1216,133,15:28
1062,경부선 상행,1216,11,15:44
1063,경부선 상행,1216,22,16:04
1064,경부선 상행,1216,10,16:17
1065,경부선 상행,1216,7,16:42
1066,경부선 상행,1216,5,17:04
1067,경부선 상행,1216,4,17:18
1068,경부선 상행,1216,3,17:40
1069,경부선 상행,1216,2,18:03
1070,경부선 상행,1216,1,18:12
1071,경부선 상행,1008,20,13:37
1072,경부선 상행,1008,19,13:51
1073,경부선 상행,1008,224,14:01
1074,경부선 상행,1008,17,14:20
1075,경부선 상행,1008,24,14:45
1076,경부선 상행,1008,15,14:56
1077,경부선 상행,1008,23,15:02
1078,경부선 상행,1008,13,15:31
1079,경부선 상행,1008,12,15:47
1080,경부선 상행,1008,11,16:14
1081,경부선 상행,1008,10,16:44
1082,경부선 상행,1008,5,17:26
1083,경부선 상행,1008,4,17:39
1084,경부선 상행,1008,3,18:00
1085,경부선 상행,1008,2,18:22
1086,경부선 상행,1008,1,18:31
1087,경부선 상행,1218,20,14:06
1088,경부선 상행,1218,19,14:20
1089,경부선 상행,1218,224,14:29
1090,경부선 상행,1218,17,14:48
1091,경부선 상행,1218,16,15:02
1092,경부선 상행,1218,24,15:19
1093,경부선 상행,1218,15,15:30
1094,경부선 상행,1218,23,15:37
1095,경부선 상행,1218,14,15:56
1096,경부선 상행,1218,13,16:11
1097,경부선 상행,1218,12,16:28
1098,경부선 상행,1218,128,16:47
1099,경부선 상행,1218,11,16:59
1100,경부선 상행,1218,22,17:19
1101,경부선 상행,1218,10,17:33
1102,경부선 상행,1218,9,17:45
1103,경부선 상행,1218,7,18:03
1104,경부선 상행,1218,5,18:24
1105,경부선 상행,1218,4,18:38
1106,경부선 상행,1218,3,18:59
1107,경부선 상행,1218,135,19:12
1108,경부선 상행,1218,2,19:26
1109,경부선 상행,1218,1,19:35
1110,경부선 상행,1010,20,15:05
1111,경부선 상행,1010,19,15:19
1112,경부선 상행,1010,224,15:28
1113,경부선 상행,1010,17,15:47
1114,경부선 상행,1010,15,16:21
1115,경부선 상행,1010,23,16:27
1116,경부선 상행,1010,14,16:46
1117,경부선 상행,1010,13,16:59
1118,경부선 상행,1010,12,17:15
1119,경부선 상행,1010,11,17:42
1120,경부선 상행,1010,10,18:11
1121,경부선 상행,1010,7,18:35
1122,경부선 상행,1010,5,18:56
1123,경부선 상행,1010,3,19:27
1124,경부선 상행,1010,2,19:50
1125,경부선 상행,1010,1,19:59
1126,경부선 상행,1724,999,18:51
1127,경부선 상행,1724,5,19:12
1128,경부선 상행,1724,4,19:28
1129,경부선 상행,1724,243,19:35
1130,경부선 상행,1724,141,19:43
1131,경부선 상행,1724,3,19:55
1132,경부선 상행,1724,135,20:08
1133,경부선 상행,1724,2,20:21
1134,경부선 상행,1724,1,20:32
1135,경부선 상행,1306,15,16:44
1136,경부선 상행,1306,23,16:51
1137,경부선 상행,1306,14,17:10
1138,경부선 상행,1306,13,17:24
1139,경부선 상행,1306,12,17:40
1140,경부선 상행,1306,11,18:07
1141,경부선 상행,1306,22,18:26
1142,경부선 상행,1306,10,18:39
1143,경부선 상행,1306,8,18:58
1144,경부선 상행,1306,7,19:06
1145,경부선 상행,1306,5,19:29
1146,경부선 상행,1306,4,19:45
1147,경부선 상행,1306,3,20:07
1148,경부선 상행,1306,2,20:32
1149,경부선 상행,1306,1,20:42
1150,경부선 상행,1220,20,15:40
1151,경부선 상행,1220,19,15:54
1152,경부선 상행,1220,17,16:19
1153,경부선 상행,1220,16,16:33
1154,경부선 상행,1220,24,16:50
1155,경부선 상행,1220,15,17:01
1156,경부선 상행,1220,23,17:08
1157,경부선 상행,1220,14,17:27
1158,경부선 상행,1220,13,17:42
1159,경부선 상행,1220,12,17:58
1160,경부선 상행,1220,11,18:26
1161,경부선 상행,1220,22,18:46
1162,경부선 상행,1220,10,19:00
1163,경부선 상행,1220,9,19:13
1164,경부선 상행,1220,8,19:23
1165,경부선 상행,1220,7,19:33
1166,경부선 상행,1220,5,19:55
1167,경부선 상행,1220,4,20:09
1168,경부선 상행,1220,3,20:30
1169,경부선 상행,1220,2,20:54
1170,경부선 상행,1220,1,21:03
1171,경부선 상행,1034,999,16:10
1172,경부선 상행,1034,17,17:22
1173,경부선 상행,1034,15,17:55
1174,경부선 상행,1034,23,18:01
1175,경부선 상행,1034,13,18:30
1176,경부선 상행,1034,12,18:47
1177,경부선 상행,1034,10,19:40
1178,경부선 상행,1034,7,20:04
1179,경부선 상행,1034,5,20:24
1180,경부선 상행,1034,3,20:55
1181,경부선 상행,1034,2,21:18
1182,경부선 상행,1034,1,21:28
1183,경부선 상행,1012,20,17:10
1184,경부선 상행,1012,19,17:24
1185,경부선 상행,1012,16,18:00
1186,경부선 상행,1012,15,18:24
1187,경부선 상행,1012,23,18:30
1188,경부선 상행,1012,13,18:59
1189,경부선 상행,1012,12,19:15
1190,경부선 상행,1012,10,20:09
1191,경부선 상행,1012,5,20:51
1192,경부선 상행,1012,3,21:21
1193,경부선 상행,1012,2,21:45
1194,경부선 상행,1012,1,21:54
1195,경부선 상행,1042,127,17:30
1196,경부선 상행,1042,190,17:45
1197,경부선 상행,1042,19,18:00
1198,경부선 상행,1042,17,18:24
1199,경부선 상행,1042,24,18:49
1200,경부선 상행,1042,15,19:00
1201,경부선 상행,1042,23,19:06
1202,경부선 상행,1042,13,19:34
1203,경부선 상행,1042,12,19:50
1204,경부선 상행,1042,11,20:16
1205,경부선 상행,1042,10,20:45
1206,경부선 상행,1042,7,21:09
1207,경부선 상행,1042,5,21:29
1208,경부선 상행,1042,4,21:42
1209,경부선 상행,1042,3,22:01
1210,경부선 상행,1042,2,22:25
1211,경부선 상행,1042,1,22:35
1212,경부선 상행,1354,20,17:50
1213,경부선 상행,1354,19,18:05
1214,경부선 상행,1354,224,18:15
1215,경부선 상행,1354,215,18:23
1216,경부선 상행,1354,18,18:31
1217,경부선 상행,1354,17,18:41
1218,경부선 상행,1354,272,18:52
1219,경부선 상행,1354,16,19:00
1220,경부선 상행,1354,24,19:16
1221,경부선 상행,1354,15,19:28
1222,경부선 상행,1354,23,19:35
1223,경부선 상행,1354,223,19:48
1224,경부선 상행,1354,14,19:56
1225,경부선 상행,1354,230,20:03
1226,경부선 상행,1354,312,20:10
1227,경부선 상행,1354,13,20:17
1228,경부선 상행,1354,12,20:34
1229,경부선 상행,1354,133,20:49
1230,경부선 상행,1354,128,20:56
1231,경부선 상행,1354,11,21:07
1232,경부선 상행,1354,10,21:35
1233,경부선 상행,1222,20,18:25
1234,경부선 상행,1222,19,18:39
1235,경부선 상행,1222,210,18:44
1236,경부선 상행,1222,17,19:07
1237,경부선 상행,1222,16,19:21
1238,경부선 상행,1222,24,19:37
1239,경부선 상행,1222,15,19:49
1240,경부선 상행,1222,23,19:56
1241,경부선 상행,1222,14,20:15
1242,경부선 상행,1222,13,20:30
1243,경부선 상행,1222,12,20:46
1244,경부선 상행,1222,11,21:13
1245,경부선 상행,1222,22,21:32
1246,경부선 상행,1222,10,21:45
1247,경부선 상행,1222,9,21:57
1248,경부선 상행,1222,7,22:13
1249,경부선 상행,1222,5,22:35
1250,경부선 상행,1222,4,22:49
1251,경부선 상행,1222,3,23:11
1252,경부선 상행,1222,2,23:36
1253,경부선 상행,1222,1,23:45
1254,경부선 상행,1224,20,19:01
1255,경부선 상행,1224,19,19:15
1256,경부선 상행,1224,18,19:34
1257,경부선 상행,1224,17,19:43
1258,경부선 상행,1224,16,19:56
1259,경부선 상행,1224,24,20:12
1260,경부선 상행,1224,15,20:23
1261,경부선 상행,1224,23,20:29
1262,경부선 상행,1224,14,20:48
1263,경부선 상행,1224,13,21:02
1264,경부선 상행,1224,12,21:18
1265,경부선 상행,1224,11,21:45
1266,경부선 상행,1224,22,22:04
1267,경부선 상행,1224,10,22:17
1268,경부선 상행,1224,9,22:28
1269,경부선 상행,1224,8,22:38
1270,경부선 상행,1224,7,22:46
1271,경부선 상행,1224,5,23:07
1272,경부선 상행,1224,4,23:21
1273,경부선 상행,1224,3,23:42
1274,경부선 상행,1224,135,23:54
1275,경부선 상행,1224,2,00:07
1276,경부선 상행,1224,1,00:16
1277,경부선 상행,1342,20,19:20
1278,경부선 상행,1342,143,19:31
1279,경부선 상행,1342,19,19:37
1280,경부선 상행,1342,210,19:42
1281,경부선 상행,1342,224,19:50
1282,경부선 상행,1342,215,19:58
1283,경부선 상행,1342,18,20:06
1284,경부선 상행,1342,17,20:16
1285,경부선 상행,1342,272,20:27
1286,경부선 상행,1342,16,20:35
1287,경부선 상행,1342,317,20:43
1288,경부선 상행,1342,24,20:54
1289,경부선 상행,1342,15,21:04
1290,경부선 상행,1014,20,19:40
1291,경부선 상행,1014,19,19:55
1292,경부선 상행,1014,17,20:20
1293,경부선 상행,1014,15,20:55
1294,경부선 상행,1014,23,21:01
1295,경부선 상행,1014,13,21:29
1296,경부선 상행,1014,12,21:45
1297,경부선 상행,1014,10,22:38
1298,경부선 상행,1014,7,23:04
1299,경부선 상행,1014,5,23:25
1300,경부선 상행,1014,3,23:56
1301,경부선 상행,1014,2,00:20
1302,경부선 상행,1014,1,00:29
1303,경부선 상행,1356,20,20:07
1304,경부선 상행,1356,143,20:18
1305,경부선 상행,1356,19,20:24
1306,경부선 상행,1356,224,20:35
1307,경부선 상행,1356,215,20:43
1308,경부선 상행,1356,18,20:51
1309,경부선 상행,1356,17,21:01
1310,경부선 상행,1356,272,21:10
1311,경부선 상행,1356,16,21:22
1312,경부선 상행,1356,24,21:39
1313,경부선 상행,1356,15,21:52
1314,경부선 상행,1356,23,21:59
1315,경부선 상행,1356,14,22:18
1316,경부선 상행,1356,230,22:24
1317,경부선 상행,1356,13,22:35
1318,경부선 상행,1356,12,22:53
1319,경부선 상행,1356,11,23:21
1320,경부선 상행,1356,22,23:41
1321,경부선 상행,1356,10,23:54
1322,경부선 상행,1226,20,21:45
1323,경부선 상행,1226,19,21:59
1324,경부선 상행,1226,224,22:09
1325,경부선 상행,1226,18,22:22
1326,경부선 상행,1226,17,22:32
1327,경부선 상행,1226,16,22:46
1328,경부선 상행,1226,24,23:03
1329,경부선 상행,1226,15,23:16
1330,경부선 상행,1226,23,23:23
1331,경부선 상행,1226,14,23:42
1332,경부선 상행,1226,13,23:56
1333,경부선 상행,1226,12,00:13
1334,경부선 상행,1226,11,00:43
1335,경부선 상행,1226,10,01:14
1336,경부선 상행,1226,7,01:39
1337,경부선 상행,1226,5,02:01
1338,경부선 상행,1226,4,02:17
1339,경부선 상행,1226,3,02:39
1340,경부선 상행,1226,2,03:04
1341,경부선 상행,1226,1,03:14
1342,경부선 상행,1308,15,23:50
1343,경부선 상행,1308,23,23:55
1344,경부선 상행,1308,14,00:14
1345,경부선 상행,1308,13,00:28
1346,경부선 상행,1308,12,00:45
1347,경부선 상행,1308,11,01:14
1348,경부선 상행,1308,10,01:44
1349,경부선 상행,1308,7,02:10
1350,경부선 상행,1308,5,02:33
1351,경부선 상행,1308,4,02:48
1352,경부선 상행,1308,3,03:11
1353,경부선 상행,1308,2,03:34
1354,경부선 상행,1308,1,03:44
1355,장항선 하행,1551,104,05:35
1356,장항선 하행,1551,2,05:43
1357,장항선 하행,1551,3,06:05
1358,장항선 하행,1551,4,06:27
1359,장항선 하행,1551,5,06:47
1360,장항선 하행,1551,503,06:54
1361,장항선 하행,1551,76,07:03
1362,장항선 하행,1551,77,07:14
1363,장항선 하행,1551,78,07:20
1364,장항선 하행,1551,79,07:27
1365,장항선 하행,1551,80,07:35
1366,장항선 하행,1551,81,07:45
1367,장항선 하행,1551,82,07:58
1368,장항선 하행,1551,253,08:07
1369,장항선 하행,1551,83,08:18
1370,장항선 하행,1551,84,08:32
1371,장항선 하행,1551,85,08:45
1372,장항선 하행,1551,86,08:54
1373,장항선 하행,1551,504,09:00
1374,장항선 하행,1551,505,09:07
1375,장항선 하행,1551,30,09:27
1376,장항선 하행,1553,104,06:21
1377,장항선 하행,1553,2,06:30
1378,장항선 하행,1553,135,06:42
1379,장항선 하행,1553,3,06:56
1380,장항선 하행,1553,4,07:17
1381,장항선 하행,1553,5,07:35
1382,장항선 하행,1553,503,07:42
1383,장항선 하행,1553,76,07:51
1384,장항선 하행,1553,77,08:01
1385,장항선 하행,1553,78,08:06
1386,장항선 하행,1553,79,08:12
1387,장항선 하행,1553,80,08:19
1388,장항선 하행,1553,81,08:29
1389,장항선 하행,1553,82,08:42
1390,장항선 하행,1553,83,08:59
1391,장항선 하행,1553,84,09:13
1392,장항선 하행,1553,85,09:26
1393,장항선 하행,1553,86,09:35
1394,장항선 하행,1553,504,09:41
1395,장항선 하행,1553,505,09:48
1396,장항선 하행,1553,30,10:08
1397,장항선 하행,1555,104,07:27
1398,장항선 하행,1555,2,07:38
1399,장항선 하행,1555,3,08:01
1400,장항선 하행,1555,4,08:23
1401,장항선 하행,1555,5,08:41
1402,장항선 하행,1555,503,08:47
1403,장항선 하행,1555,76,08:57
1404,장항선 하행,1555,78,09:13
1405,장항선 하행,1555,79,09:18
1406,장항선 하행,1555,81,09:32
1407,장항선 하행,1555,82,09:44
1408,장항선 하행,1555,83,10:02
1409,장항선 하행,1555,84,10:16
1410,장항선 하행,1555,86,10:31
1411,장항선 하행,1555,504,10:37
1412,장항선 하행,1555,505,10:44
1413,장항선 하행,1555,430,10:53
1414,장항선 하행,1555,30,11:07
1415,장항선 하행,1151,104,09:40
1416,장항선 하행,1151,2,09:49
1417,장항선 하행,1151,3,10:11
1418,장항선 하행,1151,4,10:31
1419,장항선 하행,1151,5,10:49
1420,장항선 하행,1151,503,10:56
1421,장항선 하행,1151,76,11:05
1422,장항선 하행,1151,79,11:21
1423,장항선 하행,1151,80,11:29
1424,장항선 하행,1151,81,11:39
1425,장항선 하행,1151,82,11:52
1426,장항선 하행,1151,83,12:10
1427,장항선 하행,1151,84,12:24
1428,장항선 하행,1151,86,12:39
1429,장항선 하행,1151,504,12:45
1430,장항선 하행,1151,505,12:52
1431,장항선 하행,1151,30,13:11
1432,장항선 하행,1557,104,10:25
1433,장항선 하행,1557,2,10:33
1434,장항선 하행,1557,3,10:55
1435,장항선 하행,1557,4,11:15
1436,장항선 하행,1557,5,11:32
1437,장항선 하행,1557,503,11:38
1438,장항선 하행,1557,76,11:47
1439,장항선 하행,1557,77,11:58
1440,장항선 하행,1557,78,12:04
1441,장항선 하행,1557,79,12:10
1442,장항선 하행,1557,80,12:17
1443,장항선 하행,1557,81,12:29
1444,장항선 하행,1557,82,12:41
1445,장항선 하행,1557,253,12:50
1446,장항선 하행,1557,83,13:01
1447,장항선 하행,1557,84,13:14
1448,장항선 하행,1557,85,13:26
1449,장항선 하행,1557,86,13:33
1450,장항선 하행,1557,504,13:39
1451,장항선 하행,1557,505,13:46
1452,장항선 하행,1557,430,13:55
1453,장항선 하행,1557,30,14:09
1454,장항선 하행,1153,104,11:40
1455,장항선 하행,1153,2,11:48
1456,장항선 하행,1153,3,12:09
1457,장항선 하행,1153,5,12:44
1458,장항선 하행,1153,503,12:50
1459,장항선 하행,1153,76,12:59
1460,장항선 하행,1153,79,13:15
1461,장항선 하행,1153,81,13:30
1462,장항선 하행,1153,82,13:43
1463,장항선 하행,1153,83,14:00
1464,장항선 하행,1153,84,14:13
1465,장항선 하행,1153,86,14:29
1466,장항선 하행,1153,504,14:35
1467,장항선 하행,1153,505,14:42
1468,장항선 하행,1153,30,15:01
1469,장항선 하행,1559,104,12:25
1470,장항선 하행,1559,2,12:33
1471,장항선 하행,1559,3,12:56
1472,장항선 하행,1559,4,13:17
1473,장항선 하행,1559,5,13:35
1474,장항선 하행,1559,503,13:41
1475,장항선 하행,1559,76,13:50
1476,장항선 하행,1559,77,14:01
1477,장항선 하행,1559,78,14:06
1478,장항선 하행,1559,79,14:12
1479,장항선 하행,1559,80,14:19
1480,장항선 하행,1559,81,14:29
1481,장항선 하행,1559,82,14:41
1482,장항선 하행,1559,83,14:59
1483,장항선 하행,1559,84,15:13
1484,장항선 하행,1559,85,15:25
1485,장항선 하행,1559,86,15:32
1486,장항선 하행,1559,504,15:38
1487,장항선 하행,1559,505,15:46
1488,장항선 하행,1559,30,16:06
1489,장항선 하행,1155,104,13:25
1490,장항선 하행,1155,2,13:34
1491,장항선 하행,1155,3,13:58
1492,장항선 하행,1155,5,14:35
1493,장항선 하행,1155,503,14:43
1494,장항선 하행,1155,76,14:52
1495,장항선 하행,1155,79,15:11
1496,장항선 하행,1155,80,15:19
1497,장항선 하행,1155,81,15:29
1498,장항선 하행,1155,82,15:43
1499,장항선 하행,1155,83,16:00
1500,장항선 하행,1155,84,16:13
1501,장항선 하행,1155,86,16:28
1502,장항선 하행,1155,504,16:34
1503,장항선 하행,1155,505,16:41
1504,장항선 하행,1155,30,17:01
1505,장항선 하행,1561,104,14:22
1506,장항선 하행,1561,2,14:31
1507,장항선 하행,1561,3,14:55
1508,장항선 하행,1561,4,15:16
1509,장항선 하행,1561,5,15:34
1510,장항선 하행,1561,503,15:40
1511,장항선 하행,1561,76,15:49
1512,장항선 하행,1561,77,16:00
1513,장항선 하행,1561,78,16:05
1514,장항선 하행,1561,79,16:11
1515,장항선 하행,1561,80,16:18
1516,장항선 하행,1561,81,16:28
1517,장항선 하행,1561,82,16:40
1518,장항선 하행,1561,253,16:48
1519,장항선 하행,1561,83,16:59
1520,장항선 하행,1561,84,17:13
1521,장항선 하행,1561,85,17:25
1522,장항선 하행,1561,86,17:33
1523,장항선 하행,1561,504,17:39
1524,장항선 하행,1561,505,17:46
1525,장항선 하행,1561,430,17:55
1526,장항선 하행,1561,30,18:08
1527,장항선 하행,1157,104,15:18
1528,장항선 하행,1157,2,15:27
1529,장항선 하행,1157,3,15:51
1530,장항선 하행,1157,5,16:27
1531,장항선 하행,1157,503,16:34
1532,장항선 하행,1157,76,16:44
1533,장항선 하행,1157,79,17:00
1534,장항선 하행,1157,81,17:17
1535,장항선 하행,1157,82,17:29
1536,장항선 하행,1157,83,17:46
1537,장항선 하행,1157,84,17:59
1538,장항선 하행,1157,86,18:14
1539,장항선 하행,1157,504,18:20
1540,장항선 하행,1157,505,18:27
1541,장항선 하행,1157,30,18:46
1542,장항선 하행,1563,104,16:25
1543,장항선 하행,1563,2,16:33
1544,장항선 하행,1563,3,16:56
1545,장항선 하행,1563,4,17:17
1546,장항선 하행,1563,5,17:34
1547,장항선 하행,1563,503,17:41
1548,장항선 하행,1563,76,17:50
1549,장항선 하행,1563,77,18:01
1550,장항선 하행,1563,78,18:07
1551,장항선 하행,1563,79,18:14
1552,장항선 하행,1563,80,18:21
1553,장항선 하행,1563,81,18:30
1554,장항선 하행,1563,82,18:43
1555,장항선 하행,1563,83,19:01
1556,장항선 하행,1563,84,19:14
1557,장항선 하행,1563,85,19:25
1558,장항선 하행,1563,86,19:32
1559,장항선 하행,1563,504,19:38
1560,장항선 하행,1563,505,19:46
1561,장항선 하행,1563,430,19:54
1562,장항선 하행,1563,30,20:07
1563,장항선 하행,1159,104,17:30
1564,장항선 하행,1159,2,17:39
1565,장항선 하행,1159,3,18:01
1566,장항선 하행,1159,4,18:22
1567,장항선 하행,1159,5,18:41
1568,장항선 하행,1159,503,18:48
1569,장항선 하행,1159,76,18:57
1570,장항선 하행,1159,78,19:11
1571,장항선 하행,1159,79,19:17
1572,장항선 하행,1159,80,19:25
1573,장항선 하행,1159,81,19:35
1574,장항선 하행,1159,82,19:48
1575,장항선 하행,1159,83,20:05
1576,장항선 하행,1159,84,20:18
1577,장항선 하행,1159,86,20:33
1578,장항선 하행,1159,504,20:39
1579,장항선 하행,1159,505,20:46
1580,장항선 하행,1159,30,21:05
1581,장항선 하행,1565,104,18:25
1582,장항선 하행,1565,2,18:34
1583,장항선 하행,1565,135,18:46
1584,장항선 하행,1565,3,19:00
1585,장항선 하행,1565,4,19:22
1586,장항선 하행,1565,5,19:40
1587,장항선 하행,1565,503,19:47
1588,장항선 하행,1565,76,19:56
1589,장항선 하행,1565,77,20:07
1590,장항선 하행,1565,78,20:13
1591,장항선 하행,1565,79,20:19
1592,장항선 하행,1565,80,20:27
1593,장항선 하행,1565,81,20:37
1594,장항선 하행,1565,82,20:50
1595,장항선 하행,1565,83,21:08
1596,장항선 하행,1565,84,21:25
1597,장항선 하행,1565,85,21:37
1598,장항선 하행,1565,86,21:44
1599,장항선 하행,1565,504,21:50
1600,장항선 하행,1565,505,21:57
1601,장항선 하행,1565,430,22:06
1602,장항선 하행,1565,30,22:19
1603,장항선 하행,1567,104,20:39
1604,장항선 하행,1567,2,20:49
1605,장항선 하행,1567,3,21:12
1606,장항선 하행,1567,4,21:35
1607,장항선 하행,1567,5,21:54
1608,장항선 하행,1567,503,22:00
1609,장항선 하행,1567,76,22:09
1610,장항선 하행,1567,77,22:19
1611,장항선 하행,1567,78,22:24
1612,장항선 하행,1567,79,22:30
1613,장항선 하행,1567,80,22:37
1614,장항선 하행,1567,81,22:47
1615,장항선 하행,1567,82,23:00
1616,장항선 하행,1567,253,23:09
1617,장항선 하행,1567,83,23:20
1618,장항선 하행,1567,84,23:33
1619,장항선 하행,1567,85,23:44
1620,장항선 하행,1567,86,23:51
1621,장항선 하행,1567,504,23:57
1622,장항선 하행,1567,505,00:04
1623,장항선 하행,1567,30,00:24
1624,장항선 상행,1552,30,05:30
1625,장항선 상행,1552,505,05:52
1626,장항선 상행,1552,504,06:00
1627,장항선 상행,1552,86,06:06
1628,장항선 상행,1552,85,06:14
1629,장항선 상행,1552,84,06:26
1630,장항선 상행,1552,83,06:40
1631,장항선 상행,1552,82,06:56
1632,장항선 상행,1552,81,07:08
1633,장항선 상행,1552,80,07:18
1634,장항선 상행,1552,79,07:26
1635,장항선 상행,1552,78,07:32
1636,장항선 상행,1552,77,07:38
1637,장항선 상행,1552,76,07:49
1638,장항선 상행,1552,503,07:57
1639,장항선 상행,1552,5,08:04
1640,장항선 상행,1552,4,08:21
1641,장항선 상행,1552,3,08:42
1642,장항선 상행,1552,135,08:56
1643,장항선 상행,1552,2,09:11
1644,장항선 상행,1552,104,09:19
1645,장항선 상행,1152,30,06:10
1646,장항선 상행,1152,505,06:32
1647,장항선 상행,1152,504,06:40
1648,장항선 상행,1152,86,06:46
1649,장항선 상행,1152,84,07:02
1650,장항선 상행,1152,83,07:16
1651,장항선 상행,1152,82,07:32
1652,장항선 상행,1152,81,07:44
1653,장항선 상행,1152,79,07:59
1654,장항선 상행,1152,78,08:05
1655,장항선 상행,1152,76,08:18
1656,장항선 상행,1152,503,08:26
1657,장항선 상행,1152,5,08:33
1658,장항선 상행,1152,4,08:50
1659,장항선 상행,1152,3,09:12
1660,장항선 상행,1152,2,09:36
1661,장항선 상행,1152,104,09:43
1662,장항선 상행,1554,30,06:45
1663,장항선 상행,1554,430,06:59
1664,장항선 상행,1554,505,07:08
1665,장항선 상행,1554,504,07:16
1666,장항선 상행,1554,86,07:22
1667,장항선 상행,1554,85,07:30
1668,장항선 상행,1554,84,07:42
1669,장항선 상행,1554,83,07:56
1670,장항선 상행,1554,253,08:07
1671,장항선 상행,1554,82,08:16
1672,장항선 상행,1554,81,08:29
1673,장항선 상행,1554,80,08:39
1674,장항선 상행,1554,79,08:47
1675,장항선 상행,1554,78,08:53
1676,장항선 상행,1554,77,08:59
1677,장항선 상행,1554,76,09:10
1678,장항선 상행,1554,503,09:19
1679,장항선 상행,1554,5,09:26
1680,장항선 상행,1554,4,09:43
1681,장항선 상행,1554,3,10:04
1682,장항선 상행,1554,2,10:28
1683,장항선 상행,1554,104,10:36
1684,장항선 상행,1154,30,08:20
1685,장항선 상행,1154,505,08:41
1686,장항선 상행,1154,504,08:49
1687,장항선 상행,1154,86,08:55
1688,장항선 상행,1154,84,09:12
1689,장항선 상행,1154,83,09:26
1690,장항선 상행,1154,82,09:43
1691,장항선 상행,1154,81,09:56
1692,장항선 상행,1154,80,10:06
1693,장항선 상행,1154,79,10:14
1694,장항선 상행,1154,76,10:31
1695,장항선 상행,1154,503,10:40
1696,장항선 상행,1154,5,10:48
1697,장항선 상행,1154,3,11:26
1698,장항선 상행,1154,2,11:50
1699,장항선 상행,1154,104,11:57
1700,장항선 상행,1556,30,09:00
1701,장항선 상행,1556,430,09:14
1702,장항선 상행,1556,505,09:23
1703,장항선 상행,1556,504,09:30
1704,장항선 상행,1556,86,09:36
1705,장항선 상행,1556,85,09:44
1706,장항선 상행,1556,84,09:55
1707,장항선 상행,1556,83,10:10
1708,장항선 상행,1556,253,10:21
1709,장항선 상행,1556,82,10:29
1710,장항선 상행,1556,81,10:42
1711,장항선 상행,1556,80,10:54
1712,장항선 상행,1556,79,11:02
1713,장항선 상행,1556,78,11:09
1714,장항선 상행,1556,77,11:15
1715,장항선 상행,1556,76,11:27
1716,장항선 상행,1556,503,11:36
1717,장항선 상행,1556,5,11:43
1718,장항선 상행,1556,4,12:01
1719,장항선 상행,1556,3,12:25
1720,장항선 상행,1556,2,12:51
1721,장항선 상행,1556,104,12:58
1722,장항선 상행,1156,30,10:40
1723,장항선 상행,1156,505,11:02
1724,장항선 상행,1156,504,11:10
1725,장항선 상행,1156,86,11:16
1726,장항선 상행,1156,84,11:35
1727,장항선 상행,1156,83,11:49
1728,장항선 상행,1156,82,12:08
1729,장항선 상행,1156,81,12:19
1730,장항선 상행,1156,79,12:33
1731,장항선 상행,1156,76,12:49
1732,장항선 상행,1156,503,12:58
1733,장항선 상행,1156,5,13:06
1734,장항선 상행,1156,3,13:41
1735,장항선 상행,1156,2,14:04
1736,장항선 상행,1156,104,14:11
1737,장항선 상행,1558,30,11:25
1738,장항선 상행,1558,505,11:47
1739,장항선 상행,1558,504,11:55
1740,장항선 상행,1558,86,12:02
1741,장항선 상행,1558,85,12:11
1742,장항선 상행,1558,84,12:24
1743,장항선 상행,1558,83,12:38
1744,장항선 상행,1558,253,12:49
1745,장항선 상행,1558,82,12:58
1746,장항선 상행,1558,81,13:10
1747,장항선 상행,1558,80,13:21
1748,장항선 상행,1558,79,13:29
1749,장항선 상행,1558,78,13:35
1750,장항선 상행,1558,77,13:41
1751,장항선 상행,1558,76,13:53
1752,장항선 상행,1558,503,14:02
1753,장항선 상행,1558,5,14:11
1754,장항선 상행,1558,4,14:28
1755,장항선 상행,1558,3,14:51
1756,장항선 상행,1558,2,15:14
1757,장항선 상행,1558,104,15:21
1758,장항선 상행,1560,30,13:20
1759,장항선 상행,1560,430,13:35
1760,장항선 상행,1560,505,13:45
1761,장항선 상행,1560,504,13:53
1762,장항선 상행,1560,86,13:59
1763,장항선 상행,1560,85,14:07
1764,장항선 상행,1560,84,14:22
1765,장항선 상행,1560,83,14:36
1766,장항선 상행,1560,82,14:56
1767,장항선 상행,1560,81,15:09
1768,장항선 상행,1560,80,15:19
1769,장항선 상행,1560,79,15:27
1770,장항선 상행,1560,78,15:33
1771,장항선 상행,1560,77,15:39
1772,장항선 상행,1560,76,15:50
1773,장항선 상행,1560,503,16:00
1774,장항선 상행,1560,5,16:07
1775,장항선 상행,1560,4,16:24
1776,장항선 상행,1560,3,16:45
1777,장항선 상행,1560,2,17:08
1778,장항선 상행,1560,104,17:15
1779,장항선 상행,1158,30,14:20
1780,장항선 상행,1158,505,14:42
1781,장항선 상행,1158,504,14:50
1782,장항선 상행,1158,86,14:56
1783,장항선 상행,1158,84,15:13
1784,장항선 상행,1158,83,15:27
1785,장항선 상행,1158,82,15:44
1786,장항선 상행,1158,81,15:57
1787,장항선 상행,1158,79,16:12
1788,장항선 상행,1158,76,16:28
1789,장항선 상행,1158,503,16:37
1790,장항선 상행,1158,5,16:44
1791,장항선 상행,1158,4,17:01
1792,장항선 상행,1158,3,17:23
1793,장항선 상행,1158,2,17:46
1794,장항선 상행,1158,104,17:54
1795,장항선 상행,1562,30,15:25
1796,장항선 상행,1562,505,15:47
1797,장항선 상행,1562,504,15:54
1798,장항선 상행,1562,86,16:00
1799,장항선 상행,1562,85,16:08
1800,장항선 상행,1562,84,16:22
1801,장항선 상행,1562,83,16:36
1802,장항선 상행,1562,82,16:55
1803,장항선 상행,1562,81,17:08
1804,장항선 상행,1562,80,17:18
1805,장항선 상행,1562,79,17:26
1806,장항선 상행,1562,78,17:33
1807,장항선 상행,1562,77,17:40
1808,장항선 상행,1562,76,17:52
1809,장항선 상행,1562,503,18:01
1810,장항선 상행,1562,5,18:10
1811,장항선 상행,1562,4,18:27
1812,장항선 상행,1562,3,18:48
1813,장항선 상행,1562,2,19:11
1814,장항선 상행,1562,104,19:18
1815,장항선 상행,1564,30,17:25
1816,장항선 상행,1564,505,17:47
1817,장항선 상행,1564,504,17:55
1818,장항선 상행,1564,86,18:01
1819,장항선 상행,1564,85,18:09
1820,장항선 상행,1564,84,18:24
1821,장항선 상행,1564,83,18:39
1822,장항선 상행,1564,82,18:59
1823,장항선 상행,1564,81,19:14
1824,장항선 상행,1564,80,19:26
1825,장항선 상행,1564,79,19:35
1826,장항선 상행,1564,78,19:42
1827,장항선 상행,1564,77,19:48
1828,장항선 상행,1564,76,20:00
1829,장항선 상행,1564,503,20:09
1830,장항선 상행,1564,5,20:17
1831,장항선 상행,1564,4,20:37
1832,장항선 상행,1564,3,21:00
1833,장항선 상행,1564,2,21:24
1834,장항선 상행,1564,104,21:31
1835,장항선 상행,1566,30,18:20
1836,장항선 상행,1566,430,18:34
1837,장항선 상행,1566,505,18:43
1838,장항선 상행,1566,504,18:50
1839,장항선 상행,1566,86,18:56
1840,장항선 상행,1566,85,19:04
1841,장항선 상행,1566,84,19:15
1842,장항선 상행,1566,83,19:29
1843,장항선 상행,1566,253,19:40
1844,장항선 상행,1566,82,19:49
1845,장항선 상행,1566,81,20:02
1846,장항선 상행,1566,80,20:12
1847,장항선 상행,1566,79,20:21
1848,장항선 상행,1566,78,20:28
1849,장항선 상행,1566,77,20:35
1850,장항선 상행,1566,76,20:47
1851,장항선 상행,1566,503,20:56
1852,장항선 상행,1566,5,21:05
1853,장항선 상행,1566,4,21:22
1854,장항선 상행,1566,3,21:45
1855,장항선 상행,1566,2,22:09
1856,장항선 상행,1566,104,22:16
1857,장항선 상행,1160,30,19:25
1858,장항선 상행,1160,505,19:47
1859,장항선 상행,1160,504,19:55
1860,장항선 상행,1160,86,20:01
1861,장항선 상행,1160,84,20:18
1862,장항선 상행,1160,83,20:32
1863,장항선 상행,1160,82,20:49
1864,장항선 상행,1160,81,21:02
1865,장항선 상행,1160,80,21:12
1866,장항선 상행,1160,79,21:20
1867,장항선 상행,1160,78,21:26
1868,장항선 상행,1160,76,21:40
1869,장항선 상행,1160,503,21:49
1870,장항선 상행,1160,5,21:56
1871,장항선 상행,1160,4,22:15
1872,장항선 상행,1160,3,22:39
1873,장항선 상행,1160,2,23:04
1874,장항선 상행,1160,104,23:11
1875,장항선 상행,1568,30,20:08
1876,장항선 상행,1568,505,20:30
1877,장항선 상행,1568,504,20:38
1878,장항선 상행,1568,86,20:44
1879,장항선 상행,1568,85,20:52
1880,장항선 상행,1568,84,21:04
1881,장항선 상행,1568,83,21:18
1882,장항선 상행,1568,82,21:35
1883,장항선 상행,1568,81,21:48
1884,장항선 상행,1568,80,21:59
1885,장항선 상행,1568,79,22:07
1886,장항선 상행,1568,78,22:13
1887,장항선 상행,1568,77,22:19
1888,장항선 상행,1568,76,22:30
1889,장항선 상행,1568,503,22:40
1890,장항선 상행,1568,5,22:48
1891,장항선 상행,1568,4,23:05
1892,장항선 상행,1568,3,23:28
1893,장항선 상행,1568,2,23:51
1894,장항선 상행,1568,104,23:58
1895,호남선 하행,1981,43,06:55
1896,호남선 하행,1981,42,06:45
1897,호남선 하행,1981,36,07:04
1898,호남선 하행,1981,37,07:15
1899,호남선 하행,1981,266,07:21
1900,호남선 하행,1981,39,07:29
1901,호남선 하행,1981,236,07:35
1902,호남선 하행,1981,229,07:40
1903,호남선 하행,1981,40,07:47
1904,호남선 하행,1981,362,07:52
1905,호남선 하행,1981,41,07:59
1906,호남선 하행,1461,25,06:25
1907,호남선 하행,1461,218,06:41
1908,호남선 하행,1461,27,07:00
1909,호남선 하행,1461,28,07:09
1910,호남선 하행,1461,29,07:18
1911,호남선 하행,1461,30,07:32
1912,호남선 하행,1461,31,07:44
1913,호남선 하행,1461,32,07:53
1914,호남선 하행,1461,33,08:02
1915,호남선 하행,1461,34,08:13
1916,호남선 하행,1461,35,08:23
1917,호남선 하행,1461,43,08:42
1918,호남선 하행,1461,42,08:49
1919,호남선 하행,1401,104,05:45
1920,호남선 하행,1401,2,05:53
1921,호남선 하행,1401,3,06:15
1922,호남선 하행,1401,243,06:31
1923,호남선 하행,1401,4,06:38
1924,호남선 하행,1401,5,06:52
1925,호남선 하행,1401,7,07:13
1926,호남선 하행,1401,9,07:29
1927,호남선 하행,1401,25,07:45
1928,호남선 하행,1401,218,08:01
1929,호남선 하행,1401,26,08:13
1930,호남선 하행,1401,27,08:22
1931,호남선 하행,1401,28,08:31
1932,호남선 하행,1401,30,08:52
1933,호남선 하행,1401,31,09:05
1934,호남선 하행,1401,32,09:13
1935,호남선 하행,1401,33,09:24
1936,호남선 하행,1401,34,09:36
1937,호남선 하행,1401,35,09:46
1938,호남선 하행,1401,36,10:01
1939,호남선 하행,1401,37,10:11
1940,호남선 하행,1401,39,10:23
1941,호남선 하행,1401,236,10:29
1942,호남선 하행,1401,229,10:37
1943,호남선 하행,1401,40,10:45
1944,호남선 하행,1401,41,10:56
1945,호남선 하행,1421,104,06:50
1946,호남선 하행,1421,2,06:59
1947,호남선 하행,1421,135,07:11
1948,호남선 하행,1421,3,07:25
1949,호남선 하행,1421,4,07:45
1950,호남선 하행,1421,248,07:53
1951,호남선 하행,1421,5,08:02
1952,호남선 하행,1421,7,08:23
1953,호남선 하행,1421,9,08:39
1954,호남선 하행,1421,25,08:54
1955,호남선 하행,1421,218,09:10
1956,호남선 하행,1421,27,09:29
1957,호남선 하행,1421,28,09:38
1958,호남선 하행,1421,29,09:47
1959,호남선 하행,1421,30,10:04
1960,호남선 하행,1421,31,10:17
1961,호남선 하행,1421,32,10:25
1962,호남선 하행,1421,33,10:35
1963,호남선 하행,1421,34,10:46
1964,호남선 하행,1421,35,10:56
1965,호남선 하행,1421,43,11:15
1966,호남선 하행,1421,42,11:23
1967,호남선 하행,1951,999,06:18
1968,호남선 하행,1951,275,11:49
1969,호남선 하행,1951,36,11:59
1970,호남선 하행,1951,37,12:10
1971,호남선 하행,1951,266,12:16
1972,호남선 하행,1951,39,12:24
1973,호남선 하행,1951,236,12:33
1974,호남선 하행,1951,229,12:38
1975,호남선 하행,1951,40,12:45
1976,호남선 하행,1951,41,12:56
1977,호남선 하행,1423,104,07:59
1978,호남선 하행,1423,2,08:09
1979,호남선 하행,1423,3,08:31
1980,호남선 하행,1423,4,08:52
1981,호남선 하행,1423,5,09:07
1982,호남선 하행,1423,7,09:28
1983,호남선 하행,1423,9,09:47
1984,호남선 하행,1423,25,10:04
1985,호남선 하행,1423,218,10:20
1986,호남선 하행,1423,26,10:32
1987,호남선 하행,1423,27,10:42
1988,호남선 하행,1423,28,10:52
1989,호남선 하행,1423,29,11:04
1990,호남선 하행,1423,30,11:18
1991,호남선 하행,1423,31,11:31
1992,호남선 하행,1423,32,11:40
1993,호남선 하행,1423,33,11:51
1994,호남선 하행,1423,34,12:03
1995,호남선 하행,1423,35,12:13
1996,호남선 하행,1423,42,12:38
1997,호남선 하행,1441,104,08:55
1998,호남선 하행,1441,2,09:03
1999,호남선 하행,1441,3,09:26
2000,호남선 하행,1441,4,09:49
2001,호남선 하행,1441,5,10:05
2002,호남선 하행,1441,7,10:27
2003,호남선 하행,1441,9,10:44
2004,호남선 하행,1441,25,10:59
2005,호남선 하행,1441,218,11:16
2006,호남선 하행,1441,27,11:36
2007,호남선 하행,1441,28,11:45
2008,호남선 하행,1441,29,11:55
2009,호남선 하행,1441,30,12:09
2010,호남선 하행,1441,31,12:22
2011,호남선 하행,1441,32,12:31
2012,호남선 하행,1441,33,12:41
2013,호남선 하행,1441,34,12:53
2014,호남선 하행,1441,35,13:04
2015,호남선 하행,1441,275,13:25
2016,호남선 하행,1441,999,15:32
2017,호남선 하행,1111,104,09:45
2018,호남선 하행,1111,2,09:54
2019,호남선 하행,1111,3,10:16
2020,호남선 하행,1111,4,10:36
2021,호남선 하행,1111,5,10:49
2022,호남선 하행,1111,7,11:10
2023,호남선 하행,1111,25,11:37
2024,호남선 하행,1111,218,11:52
2025,호남선 하행,1111,27,12:11
2026,호남선 하행,1111,30,12:36
2027,호남선 하행,1111,31,12:48
2028,호남선 하행,1111,33,13:03
2029,호남선 하행,1111,35,13:21
2030,호남선 하행,1111,42,13:44
2031,호남선 하행,1101,104,10:50
2032,호남선 하행,1101,2,10:58
2033,호남선 하행,1101,3,11:18
2034,호남선 하행,1101,4,11:38
2035,호남선 하행,1101,5,11:51
2036,호남선 하행,1101,7,12:11
2037,호남선 하행,1101,25,12:38
2038,호남선 하행,1101,218,12:53
2039,호남선 하행,1101,27,13:11
2040,호남선 하행,1101,30,13:36
2041,호남선 하행,1101,31,13:48
2042,호남선 하행,1101,33,14:03
2043,호남선 하행,1101,35,14:21
2044,호남선 하행,1101,36,14:35
2045,호남선 하행,1101,37,14:45
2046,호남선 하행,1101,39,14:56
2047,호남선 하행,1101,40,15:09
2048,호남선 하행,1101,41,15:19
2049,호남선 하행,1403,104,11:58
2050,호남선 하행,1403,2,12:08
2051,호남선 하행,1403,135,12:19
2052,호남선 하행,1403,3,12:33
2053,호남선 하행,1403,4,12:54
2054,호남선 하행,1403,5,13:08
2055,호남선 하행,1403,7,13:29
2056,호남선 하행,1403,9,13:45
2057,호남선 하행,1403,25,14:00
2058,호남선 하행,1403,218,14:15
2059,호남선 하행,1403,27,14:34
2060,호남선 하행,1403,28,14:43
2061,호남선 하행,1403,29,14:52
2062,호남선 하행,1403,30,15:06
2063,호남선 하행,1403,31,15:18
2064,호남선 하행,1403,32,15:27
2065,호남선 하행,1403,33,15:37
2066,호남선 하행,1403,34,15:49
2067,호남선 하행,1403,35,15:58
2068,호남선 하행,1403,36,16:13
2069,호남선 하행,1403,37,16:23
2070,호남선 하행,1403,266,16:29
2071,호남선 하행,1403,39,16:37
2072,호남선 하행,1403,40,16:50
2073,호남선 하행,1403,41,17:00
2074,호남선 하행,1405,104,12:55
2075,호남선 하행,1405,2,13:04
2076,호남선 하행,1405,3,13:26
2077,호남선 하행,1405,4,13:46
2078,호남선 하행,1405,5,13:59
2079,호남선 하행,1405,7,14:20
2080,호남선 하행,1405,9,14:36
2081,호남선 하행,1405,25,14:51
2082,호남선 하행,1405,218,15:06
2083,호남선 하행,1405,27,15:24
2084,호남선 하행,1405,28,15:33
2085,호남선 하행,1405,30,15:54
2086,호남선 하행,1405,31,16:06
2087,호남선 하행,1405,32,16:15
2088,호남선 하행,1405,33,16:25
2089,호남선 하행,1405,34,16:36
2090,호남선 하행,1405,35,16:45
2091,호남선 하행,1405,36,16:59
2092,호남선 하행,1405,37,17:09
2093,호남선 하행,1405,39,17:20
2094,호남선 하행,1405,236,17:25
2095,호남선 하행,1405,229,17:30
2096,호남선 하행,1405,40,17:37
2097,호남선 하행,1405,41,17:47
2098,호남선 하행,1113,104,13:40
2099,호남선 하행,1113,2,13:49
2100,호남선 하행,1113,3,14:10
2101,호남선 하행,1113,5,14:40
2102,호남선 하행,1113,7,15:01
2103,호남선 하행,1113,25,15:28
2104,호남선 하행,1113,218,15:43
2105,호남선 하행,1113,27,16:01
2106,호남선 하행,1113,28,16:10
2107,호남선 하행,1113,30,16:30
2108,호남선 하행,1113,31,16:42
2109,호남선 하행,1113,33,16:57
2110,호남선 하행,1113,35,17:15
2111,호남선 하행,1113,42,17:38
2112,호남선 하행,1115,104,14:44
2113,호남선 하행,1115,2,14:54
2114,호남선 하행,1115,3,15:16
2115,호남선 하행,1115,5,15:47
2116,호남선 하행,1115,25,16:32
2117,호남선 하행,1115,218,16:47
2118,호남선 하행,1115,27,17:05
2119,호남선 하행,1115,28,17:14
2120,호남선 하행,1115,30,17:34
2121,호남선 하행,1115,31,17:46
2122,호남선 하행,1115,32,17:54
2123,호남선 하행,1115,33,18:04
2124,호남선 하행,1115,35,18:24
2125,호남선 하행,1115,42,18:50
2126,호남선 하행,1407,104,15:45
2127,호남선 하행,1407,2,15:54
2128,호남선 하행,1407,3,16:17
2129,호남선 하행,1407,4,16:37
2130,호남선 하행,1407,5,16:53
2131,호남선 하행,1407,7,17:18
2132,호남선 하행,1407,9,17:36
2133,호남선 하행,1407,25,17:51
2134,호남선 하행,1407,218,18:06
2135,호남선 하행,1407,27,18:24
2136,호남선 하행,1407,28,18:33
2137,호남선 하행,1407,29,18:43
2138,호남선 하행,1407,30,18:56
2139,호남선 하행,1407,31,19:09
2140,호남선 하행,1407,32,19:17
2141,호남선 하행,1407,33,19:27
2142,호남선 하행,1407,34,19:38
2143,호남선 하행,1407,35,19:47
2144,호남선 하행,1407,36,20:03
2145,호남선 하행,1407,37,20:14
2146,호남선 하행,1407,266,20:20
2147,호남선 하행,1407,39,20:28
2148,호남선 하행,1407,236,20:34
2149,호남선 하행,1407,229,20:39
2150,호남선 하행,1407,40,20:46
2151,호남선 하행,1407,41,20:56
2152,호남선 하행,1425,104,16:35
2153,호남선 하행,1425,2,16:44
2154,호남선 하행,1425,3,17:06
2155,호남선 하행,1425,4,17:27
2156,호남선 하행,1425,5,17:42
2157,호남선 하행,1425,7,18:03
2158,호남선 하행,1425,25,18:32
2159,호남선 하행,1425,218,18:48
2160,호남선 하행,1425,26,19:00
2161,호남선 하행,1425,27,19:10
2162,호남선 하행,1425,28,19:19
2163,호남선 하행,1425,30,19:40
2164,호남선 하행,1425,31,19:52
2165,호남선 하행,1425,32,20:01
2166,호남선 하행,1425,33,20:11
2167,호남선 하행,1425,34,20:22
2168,호남선 하행,1425,35,20:32
2169,호남선 하행,1425,43,20:51
2170,호남선 하행,1425,42,20:58
2171,호남선 하행,1409,104,17:15
2172,호남선 하행,1409,2,17:23
2173,호남선 하행,1409,3,17:47
2174,호남선 하행,1409,4,18:08
2175,호남선 하행,1409,5,18:24
2176,호남선 하행,1409,7,18:46
2177,호남선 하행,1409,9,19:03
2178,호남선 하행,1409,25,19:19
2179,호남선 하행,1409,218,19:35
2180,호남선 하행,1409,27,19:55
2181,호남선 하행,1409,28,20:04
2182,호남선 하행,1409,30,20:25
2183,호남선 하행,1409,31,20:37
2184,호남선 하행,1409,32,20:45
2185,호남선 하행,1409,33,20:54
2186,호남선 하행,1409,34,21:05
2187,호남선 하행,1409,35,21:14
2188,호남선 하행,1409,36,21:29
2189,호남선 하행,1409,37,21:40
2190,호남선 하행,1409,39,21:54
2191,호남선 하행,1409,236,22:00
2192,호남선 하행,1409,229,22:05
2193,호남선 하행,1409,40,22:12
2194,호남선 하행,1409,41,22:22
2195,호남선 하행,1103,104,18:44
2196,호남선 하행,1103,2,18:53
2197,호남선 하행,1103,3,19:15
2198,호남선 하행,1103,4,19:36
2199,호남선 하행,1103,5,19:51
2200,호남선 하행,1103,7,20:12
2201,호남선 하행,1103,25,20:40
2202,호남선 하행,1103,27,21:13
2203,호남선 하행,1103,30,21:40
2204,호남선 하행,1103,31,21:52
2205,호남선 하행,1103,32,22:01
2206,호남선 하행,1103,33,22:11
2207,호남선 하행,1103,35,22:29
2208,호남선 하행,1103,36,22:45
2209,호남선 하행,1103,37,22:55
2210,호남선 하행,1103,39,23:06
2211,호남선 하행,1103,41,23:25
2212,호남선 하행,1117,104,20:25
2213,호남선 하행,1117,2,20:34
2214,호남선 하행,1117,3,20:55
2215,호남선 하행,1117,4,21:15
2216,호남선 하행,1117,5,21:28
2217,호남선 하행,1117,7,21:49
2218,호남선 하행,1117,25,22:16
2219,호남선 하행,1117,218,22:31
2220,호남선 하행,1117,27,22:50
2221,호남선 하행,1117,28,22:59
2222,호남선 하행,1117,30,23:19
2223,호남선 하행,1117,31,23:31
2224,호남선 하행,1117,33,23:46
2225,호남선 하행,1117,35,00:04
2226,호남선 하행,1117,42,00:27
2227,호남선 하행,1427,104,22:05
2228,호남선 하행,1427,2,22:14
2229,호남선 하행,1427,3,22:36
2230,호남선 하행,1427,4,22:57
2231,호남선 하행,1427,5,23:11
2232,호남선 하행,1427,7,23:32
2233,호남선 하행,1427,9,23:48
2234,호남선 하행,1427,25,00:04
2235,호남선 하행,1427,27,00:36
2236,호남선 하행,1427,28,00:45
2237,호남선 하행,1427,30,01:05
2238,호남선 하행,1427,31,01:17
2239,호남선 하행,1427,32,01:26
2240,호남선 하행,1427,33,01:35
2241,호남선 하행,1427,34,01:47
2242,호남선 하행,1427,35,01:58
2243,호남선 하행,1427,42,02:24
2244,호남선 하행,1411,104,23:10
2245,호남선 하행,1411,2,23:19
2246,호남선 하행,1411,3,23:41
2247,호남선 하행,1411,4,00:02
2248,호남선 하행,1411,5,00:17
2249,호남선 하행,1411,7,00:39
2250,호남선 하행,1411,25,01:08
2251,호남선 하행,1411,218,01:24
2252,호남선 하행,1411,27,01:44
2253,호남선 하행,1411,30,02:12
2254,호남선 하행,1411,31,02:25
2255,호남선 하행,1411,32,02:35
2256,호남선 하행,1411,33,02:45
2257,호남선 하행,1411,34,02:57
2258,호남선 하행,1411,35,03:07
2259,호남선 하행,1411,36,03:22
2260,호남선 하행,1411,37,03:33
2261,호남선 하행,1411,39,03:45
2262,호남선 하행,1411,40,03:59
2263,호남선 하행,1411,41,04:10
2264,호남선 상행,1422,42,04:00
2265,호남선 상행,1422,35,04:28
2266,호남선 상행,1422,34,04:40
2267,호남선 상행,1422,33,04:52
2268,호남선 상행,1422,32,05:02
2269,호남선 상행,1422,31,05:12
2270,호남선 상행,1422,30,05:27
2271,호남선 상행,1422,28,05:49
2272,호남선 상행,1422,27,05:58
2273,호남선 상행,1422,218,06:18
2274,호남선 상행,1422,25,06:35
2275,호남선 상행,1422,9,06:49
2276,호남선 상행,1422,7,07:06
2277,호남선 상행,1422,5,07:30
2278,호남선 상행,1422,4,07:45
2279,호남선 상행,1422,141,07:58
2280,호남선 상행,1422,3,08:11
2281,호남선 상행,1422,135,08:25
2282,호남선 상행,1422,2,08:38
2283,호남선 상행,1422,104,08:45
2284,호남선 상행,1462,42,05:45
2285,호남선 상행,1462,43,05:54
2286,호남선 상행,1462,35,06:14
2287,호남선 상행,1462,34,06:24
2288,호남선 상행,1462,33,06:36
2289,호남선 상행,1462,32,06:46
2290,호남선 상행,1462,31,06:56
2291,호남선 상행,1462,30,07:09
2292,호남선 상행,1462,29,07:21
2293,호남선 상행,1462,28,07:33
2294,호남선 상행,1462,27,07:43
2295,호남선 상행,1462,26,07:53
2296,호남선 상행,1462,218,08:05
2297,호남선 상행,1462,25,08:20
2298,호남선 상행,1112,42,06:20
2299,호남선 상행,1112,35,06:46
2300,호남선 상행,1112,33,07:05
2301,호남선 상행,1112,31,07:20
2302,호남선 상행,1112,30,07:34
2303,호남선 상행,1112,27,07:58
2304,호남선 상행,1112,218,08:16
2305,호남선 상행,1112,25,08:32
2306,호남선 상행,1112,7,08:59
2307,호남선 상행,1112,5,09:20
2308,호남선 상행,1112,3,09:49
2309,호남선 상행,1112,2,10:11
2310,호남선 상행,1112,104,10:18
2311,호남선 상행,1402,41,07:25
2312,호남선 상행,1402,40,07:35
2313,호남선 상행,1402,229,07:42
2314,호남선 상행,1402,236,07:46
2315,호남선 상행,1402,39,07:52
2316,호남선 상행,1402,37,08:03
2317,호남선 상행,1402,36,08:14
2318,호남선 상행,1402,35,08:29
2319,호남선 상행,1402,34,08:39
2320,호남선 상행,1402,33,08:50
2321,호남선 상행,1402,32,08:59
2322,호남선 상행,1402,31,09:08
2323,호남선 상행,1402,30,09:22
2324,호남선 상행,1402,29,09:36
2325,호남선 상행,1402,28,09:46
2326,호남선 상행,1402,27,09:55
2327,호남선 상행,1402,26,10:04
2328,호남선 상행,1402,218,10:16
2329,호남선 상행,1402,25,10:32
2330,호남선 상행,1402,9,10:46
2331,호남선 상행,1402,7,11:02
2332,호남선 상행,1402,6,11:13
2333,호남선 상행,1402,5,11:26
2334,호남선 상행,1402,4,11:40
2335,호남선 상행,1402,3,12:01
2336,호남선 상행,1402,2,12:25
2337,호남선 상행,1402,104,12:32
2338,호남선 상행,1114,42,08:50
2339,호남선 상행,1114,35,09:16
2340,호남선 상행,1114,33,09:35
2341,호남선 상행,1114,31,09:50
2342,호남선 상행,1114,30,10:04
2343,호남선 상행,1114,27,10:28
2344,호남선 상행,1114,218,10:47
2345,호남선 상행,1114,25,11:03
2346,호남선 상행,1114,5,11:48
2347,호남선 상행,1114,3,12:20
2348,호남선 상행,1114,2,12:44
2349,호남선 상행,1114,104,12:51
2350,호남선 상행,1442,999,07:05
2351,호남선 상행,1442,275,09:07
2352,호남선 상행,1442,35,09:27
2353,호남선 상행,1442,34,09:38
2354,호남선 상행,1442,33,09:50
2355,호남선 상행,1442,32,10:00
2356,호남선 상행,1442,31,10:10
2357,호남선 상행,1442,30,10:25
2358,호남선 상행,1442,27,10:52
2359,호남선 상행,1442,218,11:12
2360,호남선 상행,1442,25,11:29
2361,호남선 상행,1442,9,11:43
2362,호남선 상행,1442,7,12:00
2363,호남선 상행,1442,5,12:22
2364,호남선 상행,1442,4,12:36
2365,호남선 상행,1442,3,12:58
2366,호남선 상행,1442,2,13:20
2367,호남선 상행,1442,104,13:27
2368,호남선 상행,1404,41,08:30
2369,호남선 상행,1404,40,08:40
2370,호남선 상행,1404,229,08:47
2371,호남선 상행,1404,236,08:51
2372,호남선 상행,1404,39,08:58
2373,호남선 상행,1404,266,09:06
2374,호남선 상행,1404,37,09:12
2375,호남선 상행,1404,36,09:24
2376,호남선 상행,1404,35,09:39
2377,호남선 상행,1404,34,09:49
2378,호남선 상행,1404,33,10:01
2379,호남선 상행,1404,32,10:10
2380,호남선 상행,1404,31,10:19
2381,호남선 상행,1404,30,10:33
2382,호남선 상행,1404,29,10:46
2383,호남선 상행,1404,28,10:56
2384,호남선 상행,1404,27,11:05
2385,호남선 상행,1404,26,11:15
2386,호남선 상행,1404,218,11:27
2387,호남선 상행,1404,25,11:43
2388,호남선 상행,1404,9,11:57
2389,호남선 상행,1404,7,12:15
2390,호남선 상행,1404,5,12:39
2391,호남선 상행,1404,4,12:55
2392,호남선 상행,1404,3,13:17
2393,호남선 상행,1404,2,13:40
2394,호남선 상행,1404,104,13:47
2395,호남선 상행,1954,41,09:35
2396,호남선 상행,1954,362,09:43
2397,호남선 상행,1954,40,09:49
2398,호남선 상행,1954,229,09:56
2399,호남선 상행,1954,236,10:00
2400,호남선 상행,1954,39,10:07
2401,호남선 상행,1954,266,10:15
2402,호남선 상행,1954,37,10:21
2403,호남선 상행,1954,36,10:34
2404,호남선 상행,1954,275,10:43
2405,호남선 상행,1954,999,16:06
2406,호남선 상행,1102,41,10:10
2407,호남선 상행,1102,40,10:20
2408,호남선 상행,1102,39,10:32
2409,호남선 상행,1102,37,10:43
2410,호남선 상행,1102,36,10:54
2411,호남선 상행,1102,35,11:07
2412,호남선 상행,1102,33,11:25
2413,호남선 상행,1102,31,11:40
2414,호남선 상행,1102,30,11:54
2415,호남선 상행,1102,28,12:13
2416,호남선 상행,1102,27,12:22
2417,호남선 상행,1102,25,12:54
2418,호남선 상행,1102,5,13:37
2419,호남선 상행,1102,3,14:09
2420,호남선 상행,1102,2,14:31
2421,호남선 상행,1102,104,14:38
2422,호남선 상행,1424,42,11:35
2423,호남선 상행,1424,43,11:44
2424,호남선 상행,1424,35,12:03
2425,호남선 상행,1424,34,12:13
2426,호남선 상행,1424,33,12:24
2427,호남선 상행,1424,32,12:33
2428,호남선 상행,1424,31,12:42
2429,호남선 상행,1424,30,12:55
2430,호남선 상행,1424,29,13:07
2431,호남선 상행,1424,28,13:16
2432,호남선 상행,1424,27,13:25
2433,호남선 상행,1424,218,13:44
2434,호남선 상행,1424,25,14:00
2435,호남선 상행,1424,8,14:20
2436,호남선 상행,1424,7,14:28
2437,호남선 상행,1424,5,14:50
2438,호남선 상행,1424,4,15:04
2439,호남선 상행,1424,3,15:26
2440,호남선 상행,1424,2,15:48
2441,호남선 상행,1424,104,15:55
2442,호남선 상행,1406,41,13:00
2443,호남선 상행,1406,40,13:10
2444,호남선 상행,1406,229,13:17
2445,호남선 상행,1406,39,13:28
2446,호남선 상행,1406,37,13:40
2447,호남선 상행,1406,36,13:52
2448,호남선 상행,1406,35,14:06
2449,호남선 상행,1406,34,14:16
2450,호남선 상행,1406,33,14:27
2451,호남선 상행,1406,32,14:36
2452,호남선 상행,1406,31,14:45
2453,호남선 상행,1406,30,14:59
2454,호남선 상행,1406,28,15:18
2455,호남선 상행,1406,27,15:27
2456,호남선 상행,1406,218,15:46
2457,호남선 상행,1406,25,16:02
2458,호남선 상행,1406,9,16:16
2459,호남선 상행,1406,7,16:32
2460,호남선 상행,1406,6,16:43
2461,호남선 상행,1406,5,16:56
2462,호남선 상행,1406,4,17:10
2463,호남선 상행,1406,3,17:31
2464,호남선 상행,1406,2,17:54
2465,호남선 상행,1406,104,18:01
2466,호남선 상행,1116,42,14:40
2467,호남선 상행,1116,35,15:06
2468,호남선 상행,1116,33,15:25
2469,호남선 상행,1116,32,15:34
2470,호남선 상행,1116,31,15:42
2471,호남선 상행,1116,30,15:56
2472,호남선 상행,1116,27,16:22
2473,호남선 상행,1116,25,16:53
2474,호남선 상행,1116,7,17:19
2475,호남선 상행,1116,5,17:41
2476,호남선 상행,1116,4,17:56
2477,호남선 상행,1116,3,18:17
2478,호남선 상행,1116,2,18:38
2479,호남선 상행,1116,104,18:45
2480,호남선 상행,1426,42,15:03
2481,호남선 상행,1426,35,15:30
2482,호남선 상행,1426,34,15:40
2483,호남선 상행,1426,33,15:51
2484,호남선 상행,1426,32,16:00
2485,호남선 상행,1426,31,16:08
2486,호남선 상행,1426,30,16:28
2487,호남선 상행,1426,29,16:41
2488,호남선 상행,1426,28,16:50
2489,호남선 상행,1426,27,16:59
2490,호남선 상행,1426,218,17:18
2491,호남선 상행,1426,25,17:35
2492,호남선 상행,1426,9,17:50
2493,호남선 상행,1426,8,18:00
2494,호남선 상행,1426,7,18:08
2495,호남선 상행,1426,5,18:30
2496,호남선 상행,1426,248,18:40
2497,호남선 상행,1426,141,19:00
2498,호남선 상행,1426,3,19:12
2499,호남선 상행,1426,135,19:25
2500,호남선 상행,1426,2,19:39
2501,호남선 상행,1426,104,19:46
2502,호남선 상행,1408,41,15:10
2503,호남선 상행,1408,40,15:20
2504,호남선 상행,1408,229,15:27
2505,호남선 상행,1408,236,15:32
2506,호남선 상행,1408,39,15:38
2507,호남선 상행,1408,266,15:46
2508,호남선 상행,1408,37,15:52
2509,호남선 상행,1408,36,16:04
2510,호남선 상행,1408,35,16:18
2511,호남선 상행,1408,34,16:28
2512,호남선 상행,1408,33,16:40
2513,호남선 상행,1408,32,16:49
2514,호남선 상행,1408,31,16:57
2515,호남선 상행,1408,30,17:10
2516,호남선 상행,1408,29,17:23
2517,호남선 상행,1408,28,17:33
2518,호남선 상행,1408,27,17:42
2519,호남선 상행,1408,218,18:01
2520,호남선 상행,1408,25,18:17
2521,호남선 상행,1408,9,18:30
2522,호남선 상행,1408,7,18:46
2523,호남선 상행,1408,5,19:08
2524,호남선 상행,1408,4,19:21
2525,호남선 상행,1408,3,19:42
2526,호남선 상행,1408,2,20:06
2527,호남선 상행,1408,104,20:13
2528,호남선 상행,1104,41,16:39
2529,호남선 상행,1104,40,16:49
2530,호남선 상행,1104,39,17:02
2531,호남선 상행,1104,37,17:13
2532,호남선 상행,1104,36,17:26
2533,호남선 상행,1104,35,17:40
2534,호남선 상행,1104,33,17:59
2535,호남선 상행,1104,31,18:13
2536,호남선 상행,1104,30,18:26
2537,호남선 상행,1104,28,18:48
2538,호남선 상행,1104,27,18:57
2539,호남선 상행,1104,218,19:15
2540,호남선 상행,1104,25,19:31
2541,호남선 상행,1104,5,20:14
2542,호남선 상행,1104,4,20:27
2543,호남선 상행,1104,3,20:47
2544,호남선 상행,1104,2,21:11
2545,호남선 상행,1104,104,21:18
2546,호남선 상행,1982,41,18:30
2547,호남선 상행,1982,362,18:37
2548,호남선 상행,1982,40,18:43
2549,호남선 상행,1982,229,18:50
2550,호남선 상행,1982,236,18:55
2551,호남선 상행,1982,39,19:03
2552,호남선 상행,1982,266,19:11
2553,호남선 상행,1982,37,19:17
2554,호남선 상행,1982,36,19:31
2555,호남선 상행,1982,42,19:47
2556,호남선 상행,1982,43,19:40
2557,호남선 상행,1118,42,19:15
2558,호남선 상행,1118,35,19:41
2559,호남선 상행,1118,33,19:59
2560,호남선 상행,1118,32,20:08
2561,호남선 상행,1118,31,20:17
2562,호남선 상행,1118,30,20:31
2563,호남선 상행,1118,28,20:50
2564,호남선 상행,1118,27,20:59
2565,호남선 상행,1118,218,21:18
2566,호남선 상행,1118,25,21:35
2567,호남선 상행,1118,7,22:01
2568,호남선 상행,1118,5,22:22
2569,호남선 상행,1118,4,22:36
2570,호남선 상행,1118,3,22:57
2571,호남선 상행,1118,2,23:20
2572,호남선 상행,1118,104,23:27
2573,호남선 상행,1410,41,19:22
2574,호남선 상행,1410,40,19:33
2575,호남선 상행,1410,229,19:40
2576,호남선 상행,1410,236,19:45
2577,호남선 상행,1410,39,19:51
2578,호남선 상행,1410,37,20:02
2579,호남선 상행,1410,36,20:14
2580,호남선 상행,1410,35,20:28
2581,호남선 상행,1410,34,20:37
2582,호남선 상행,1410,33,20:48
2583,호남선 상행,1410,32,20:57
2584,호남선 상행,1410,31,21:06
2585,호남선 상행,1410,30,21:20
2586,호남선 상행,1410,29,21:32
2587,호남선 상행,1410,28,21:42
2588,호남선 상행,1410,27,21:51
2589,호남선 상행,1410,25,22:23
2590,호남선 상행,1410,9,22:36
2591,호남선 상행,1410,7,22:52
2592,호남선 상행,1410,5,23:13
2593,호남선 상행,1410,4,23:27
2594,호남선 상행,1410,3,23:48
2595,호남선 상행,1410,2,00:12
2596,호남선 상행,1410,104,00:20
2597,호남선 상행,1428,42,23:00
2598,호남선 상행,1428,43,23:10
2599,호남선 상행,1428,35,23:31
2600,호남선 상행,1428,34,23:42
2601,호남선 상행,1428,33,23:55
2602,호남선 상행,1428,32,00:05
2603,호남선 상행,1428,31,00:15
2604,호남선 상행,1428,30,00:28
2605,호남선 상행,1428,28,00:47
2606,호남선 상행,1428,27,00:56
2607,호남선 상행,1428,25,01:30
2608,호남선 상행,1428,7,01:58
2609,호남선 상행,1428,5,02:20
2610,호남선 상행,1428,4,02:35
2611,호남선 상행,1428,3,02:57
2612,호남선 상행,1428,2,03:19
2613,호남선 상행,1428,104,03:26
2614,호남선 상행,1412,41,23:00
2615,호남선 상행,1412,40,23:11
2616,호남선 상행,1412,39,23:25
2617,호남선 상행,1412,37,23:38
2618,호남선 상행,1412,36,23:50
2619,호남선 상행,1412,35,00:05
2620,호남선 상행,1412,34,00:15
2621,호남선 상행,1412,33,00:27
2622,호남선 상행,1412,32,00:37
2623,호남선 상행,1412,31,00:46
2624,호남선 상행,1412,30,01:00
2625,호남선 상행,1412,27,01:27
2626,호남선 상행,1412,25,02:00
2627,호남선 상행,1412,7,02:27
2628,호남선 상행,1412,5,02:49
2629,호남선 상행,1412,4,03:03
2630,호남선 상행,1412,3,03:24
2631,호남선 상행,1412,2,03:47
2632,호남선 상행,1412,104,03:54
2633,전라선 하행,1531,30,06:58
2634,전라선 하행,1531,44,07:08
2635,전라선 하행,1531,45,07:17
2636,전라선 하행,1531,46,07:33
2637,전라선 하행,1531,47,07:41
2638,전라선 하행,1531,48,07:51
2639,전라선 하행,1531,49,08:02
2640,전라선 하행,1531,50,08:14
2641,전라선 하행,1531,51,08:32
2642,전라선 하행,1531,139,08:47
2643,전라선 하행,1531,53,08:55
2644,전라선 하행,1501,104,06:50
2645,전라선 하행,1501,2,06:59
2646,전라선 하행,1501,135,07:11
2647,전라선 하행,1501,3,07:25
2648,전라선 하행,1501,4,07:45
2649,전라선 하행,1501,248,07:53
2650,전라선 하행,1501,5,08:02
2651,전라선 하행,1501,7,08:23
2652,전라선 하행,1501,9,08:39
2653,전라선 하행,1501,25,08:54
2654,전라선 하행,1501,218,09:10
2655,전라선 하행,1501,27,09:29
2656,전라선 하행,1501,28,09:38
2657,전라선 하행,1501,29,09:47
2658,전라선 하행,1501,30,10:06
2659,전라선 하행,1501,44,10:16
2660,전라선 하행,1501,45,10:25
2661,전라선 하행,1501,46,10:40
2662,전라선 하행,1501,47,10:47
2663,전라선 하행,1501,48,10:58
2664,전라선 하행,1501,49,11:09
2665,전라선 하행,1501,50,11:21
2666,전라선 하행,1501,51,11:37
2667,전라선 하행,1501,139,11:51
2668,전라선 하행,1501,53,11:58
2669,전라선 하행,1121,104,08:30
2670,전라선 하행,1121,2,08:39
2671,전라선 하행,1121,3,09:00
2672,전라선 하행,1121,5,09:32
2673,전라선 하행,1121,25,10:18
2674,전라선 하행,1121,27,10:49
2675,전라선 하행,1121,30,11:15
2676,전라선 하행,1121,45,11:31
2677,전라선 하행,1121,48,12:02
2678,전라선 하행,1121,49,12:14
2679,전라선 하행,1121,50,12:26
2680,전라선 하행,1121,51,12:42
2681,전라선 하행,1121,139,12:56
2682,전라선 하행,1121,53,13:03
2683,전라선 하행,1503,104,09:10
2684,전라선 하행,1503,2,09:19
2685,전라선 하행,1503,3,09:41
2686,전라선 하행,1503,4,10:01
2687,전라선 하행,1503,5,10:15
2688,전라선 하행,1503,6,10:31
2689,전라선 하행,1503,7,10:43
2690,전라선 하행,1503,25,11:11
2691,전라선 하행,1503,218,11:27
2692,전라선 하행,1503,26,11:39
2693,전라선 하행,1503,27,11:49
2694,전라선 하행,1503,28,12:01
2695,전라선 하행,1503,29,12:12
2696,전라선 하행,1503,30,12:28
2697,전라선 하행,1503,44,12:39
2698,전라선 하행,1503,45,12:48
2699,전라선 하행,1503,46,13:04
2700,전라선 하행,1503,47,13:11
2701,전라선 하행,1503,48,13:21
2702,전라선 하행,1503,49,13:32
2703,전라선 하행,1503,50,13:44
2704,전라선 하행,1503,51,14:01
2705,전라선 하행,1503,139,14:15
2706,전라선 하행,1503,53,14:23
2707,전라선 하행,1533,30,14:03
2708,전라선 하행,1533,44,14:13
2709,전라선 하행,1533,45,14:22
2710,전라선 하행,1533,46,14:38
2711,전라선 하행,1533,47,14:46
2712,전라선 하행,1533,48,14:57
2713,전라선 하행,1533,49,15:08
2714,전라선 하행,1533,50,15:20
2715,전라선 하행,1533,51,15:38
2716,전라선 하행,1533,139,15:53
2717,전라선 하행,1533,53,16:01
2718,전라선 하행,1505,104,11:30
2719,전라선 하행,1505,2,11:39
2720,전라선 하행,1505,3,12:02
2721,전라선 하행,1505,4,12:22
2722,전라선 하행,1505,5,12:36
2723,전라선 하행,1505,7,12:58
2724,전라선 하행,1505,8,13:07
2725,전라선 하행,1505,25,13:29
2726,전라선 하행,1505,218,13:44
2727,전라선 하행,1505,26,13:56
2728,전라선 하행,1505,27,14:05
2729,전라선 하행,1505,30,14:31
2730,전라선 하행,1505,44,14:41
2731,전라선 하행,1505,45,14:50
2732,전라선 하행,1505,47,15:12
2733,전라선 하행,1505,48,15:23
2734,전라선 하행,1505,49,15:34
2735,전라선 하행,1505,50,15:46
2736,전라선 하행,1505,51,16:05
2737,전라선 하행,1505,139,16:20
2738,전라선 하행,1505,53,16:28
2739,전라선 하행,1507,104,13:18
2740,전라선 하행,1507,2,13:29
2741,전라선 하행,1507,3,13:52
2742,전라선 하행,1507,4,14:12
2743,전라선 하행,1507,5,14:27
2744,전라선 하행,1507,7,14:48
2745,전라선 하행,1507,9,15:04
2746,전라선 하행,1507,25,15:19
2747,전라선 하행,1507,218,15:34
2748,전라선 하행,1507,27,15:52
2749,전라선 하행,1507,29,16:08
2750,전라선 하행,1507,30,16:21
2751,전라선 하행,1507,44,16:31
2752,전라선 하행,1507,45,16:41
2753,전라선 하행,1507,46,16:58
2754,전라선 하행,1507,47,17:06
2755,전라선 하행,1507,48,17:17
2756,전라선 하행,1507,49,17:28
2757,전라선 하행,1507,50,17:45
2758,전라선 하행,1507,51,18:02
2759,전라선 하행,1507,139,18:18
2760,전라선 하행,1507,53,18:26
2761,전라선 하행,1535,30,17:22
2762,전라선 하행,1535,44,17:32
2763,전라선 하행,1535,45,17:41
2764,전라선 하행,1535,46,17:57
2765,전라선 하행,1535,47,18:05
2766,전라선 하행,1535,48,18:15
2767,전라선 하행,1535,49,18:26
2768,전라선 하행,1535,50,18:38
2769,전라선 하행,1535,51,18:55
2770,전라선 하행,1535,139,19:10
2771,전라선 하행,1535,53,19:18
2772,전라선 하행,1509,104,15:24
2773,전라선 하행,1509,2,15:34
2774,전라선 하행,1509,3,15:56
2775,전라선 하행,1509,4,16:16
2776,전라선 하행,1509,5,16:30
2777,전라선 하행,1509,7,16:52
2778,전라선 하행,1509,9,17:08
2779,전라선 하행,1509,25,17:23
2780,전라선 하행,1509,27,17:55
2781,전라선 하행,1509,28,18:05
2782,전라선 하행,1509,30,18:26
2783,전라선 하행,1509,44,18:36
2784,전라선 하행,1509,45,18:44
2785,전라선 하행,1509,46,19:00
2786,전라선 하행,1509,47,19:08
2787,전라선 하행,1509,48,19:18
2788,전라선 하행,1509,49,19:30
2789,전라선 하행,1509,50,19:42
2790,전라선 하행,1509,51,19:59
2791,전라선 하행,1509,139,20:14
2792,전라선 하행,1509,53,20:22
2793,전라선 하행,1123,104,16:05
2794,전라선 하행,1123,2,16:17
2795,전라선 하행,1123,3,16:40
2796,전라선 하행,1123,4,17:03
2797,전라선 하행,1123,5,17:17
2798,전라선 하행,1123,25,18:02
2799,전라선 하행,1123,218,18:17
2800,전라선 하행,1123,27,18:35
2801,전라선 하행,1123,28,18:44
2802,전라선 하행,1123,30,19:04
2803,전라선 하행,1123,45,19:20
2804,전라선 하행,1123,48,19:47
2805,전라선 하행,1123,49,19:58
2806,전라선 하행,1123,50,20:09
2807,전라선 하행,1123,51,20:26
2808,전라선 하행,1123,139,20:41
2809,전라선 하행,1123,53,20:49
2810,전라선 하행,1511,104,18:05
2811,전라선 하행,1511,2,18:13
2812,전라선 하행,1511,3,18:37
2813,전라선 하행,1511,4,18:58
2814,전라선 하행,1511,5,19:14
2815,전라선 하행,1511,7,19:36
2816,전라선 하행,1511,25,20:06
2817,전라선 하행,1511,27,20:38
2818,전라선 하행,1511,28,20:47
2819,전라선 하행,1511,29,20:57
2820,전라선 하행,1511,30,21:11
2821,전라선 하행,1511,44,21:21
2822,전라선 하행,1511,45,21:31
2823,전라선 하행,1511,46,21:46
2824,전라선 하행,1511,47,21:54
2825,전라선 하행,1511,48,22:07
2826,전라선 하행,1511,49,22:19
2827,전라선 하행,1511,50,22:30
2828,전라선 하행,1511,51,22:48
2829,전라선 하행,1511,139,23:03
2830,전라선 하행,1511,53,23:11
2831,전라선 하행,1513,104,19:53
2832,전라선 하행,1513,2,20:04
2833,전라선 하행,1513,3,20:27
2834,전라선 하행,1513,243,20:43
2835,전라선 하행,1513,4,20:51
2836,전라선 하행,1513,5,21:06
2837,전라선 하행,1513,7,21:27
2838,전라선 하행,1513,25,21:57
2839,전라선 하행,1513,218,22:12
2840,전라선 하행,1513,27,22:32
2841,전라선 하행,1513,29,22:48
2842,전라선 하행,1513,30,23:02
2843,전라선 하행,1513,44,23:12
2844,전라선 하행,1513,45,23:22
2845,전라선 하행,1513,47,23:43
2846,전라선 하행,1513,48,23:53
2847,전라선 하행,1513,49,00:04
2848,전라선 하행,1513,50,00:16
2849,전라선 하행,1513,51,00:33
2850,전라선 하행,1513,139,00:48
2851,전라선 하행,1513,53,00:56
2852,전라선 하행,1515,104,21:25
2853,전라선 하행,1515,2,21:33
2854,전라선 하행,1515,135,21:45
2855,전라선 하행,1515,3,22:00
2856,전라선 하행,1515,4,22:22
2857,전라선 하행,1515,5,22:37
2858,전라선 하행,1515,7,22:58
2859,전라선 하행,1515,9,23:15
2860,전라선 하행,1515,25,23:31
2861,전라선 하행,1515,218,23:47
2862,전라선 하행,1515,27,00:07
2863,전라선 하행,1515,30,00:35
2864,전라선 하행,1515,45,00:52
2865,전라선 하행,1515,47,01:14
2866,전라선 하행,1515,48,01:25
2867,전라선 하행,1515,49,01:37
2868,전라선 하행,1515,50,01:50
2869,전라선 하행,1515,51,02:09
2870,전라선 하행,1515,139,02:25
2871,전라선 하행,1515,53,02:34
2872,전라선 하행,1517,104,22:45
2873,전라선 하행,1517,2,22:53
2874,전라선 하행,1517,3,23:16
2875,전라선 하행,1517,4,23:38
2876,전라선 하행,1517,5,23:53
2877,전라선 하행,1517,7,00:14
2878,전라선 하행,1517,25,00:43
2879,전라선 하행,1517,218,00:58
2880,전라선 하행,1517,27,01:17
2881,전라선 하행,1517,28,01:26
2882,전라선 하행,1517,30,01:46
2883,전라선 하행,1517,44,01:56
2884,전라선 하행,1517,45,02:06
2885,전라선 하행,1517,47,02:28
2886,전라선 하행,1517,48,02:39
2887,전라선 하행,1517,49,02:51
2888,전라선 하행,1517,50,03:05
2889,전라선 하행,1517,51,03:24
2890,전라선 하행,1517,139,03:43
2891,전라선 하행,1517,53,03:53
2892,전라선 상행,1532,53,06:20
2893,전라선 상행,1532,139,06:28
2894,전라선 상행,1532,51,06:44
2895,전라선 상행,1532,50,07:01
2896,전라선 상행,1532,49,07:13
2897,전라선 상행,1532,48,07:24
2898,전라선 상행,1532,47,07:35
2899,전라선 상행,1532,46,07:43
2900,전라선 상행,1532,45,08:00
2901,전라선 상행,1532,44,08:09
2902,전라선 상행,1532,30,08:18
2903,전라선 상행,1502,53,06:45
2904,전라선 상행,1502,139,06:53
2905,전라선 상행,1502,51,07:09
2906,전라선 상행,1502,50,07:25
2907,전라선 상행,1502,49,07:37
2908,전라선 상행,1502,48,07:48
2909,전라선 상행,1502,47,07:58
2910,전라선 상행,1502,46,08:06
2911,전라선 상행,1502,45,08:21
2912,전라선 상행,1502,44,08:29
2913,전라선 상행,1502,30,08:40
2914,전라선 상행,1502,28,09:01
2915,전라선 상행,1502,27,09:10
2916,전라선 상행,1502,218,09:28
2917,전라선 상행,1502,25,09:44
2918,전라선 상행,1502,9,09:58
2919,전라선 상행,1502,7,10:16
2920,전라선 상행,1502,5,10:38
2921,전라선 상행,1502,4,10:52
2922,전라선 상행,1502,3,11:13
2923,전라선 상행,1502,2,11:36
2924,전라선 상행,1502,104,11:42
2925,전라선 상행,1122,53,09:00
2926,전라선 상행,1122,139,09:08
2927,전라선 상행,1122,51,09:23
2928,전라선 상행,1122,50,09:39
2929,전라선 상행,1122,49,09:51
2930,전라선 상행,1122,48,10:02
2931,전라선 상행,1122,45,10:31
2932,전라선 상행,1122,30,10:48
2933,전라선 상행,1122,28,11:06
2934,전라선 상행,1122,27,11:15
2935,전라선 상행,1122,218,11:33
2936,전라선 상행,1122,25,11:49
2937,전라선 상행,1122,5,12:34
2938,전라선 상행,1122,3,13:03
2939,전라선 상행,1122,2,13:26
2940,전라선 상행,1122,104,13:33
2941,전라선 상행,1504,53,09:20
2942,전라선 상행,1504,139,09:28
2943,전라선 상행,1504,51,09:44
2944,전라선 상행,1504,50,10:00
2945,전라선 상행,1504,49,10:12
2946,전라선 상행,1504,48,10:24
2947,전라선 상행,1504,47,10:35
2948,전라선 상행,1504,46,10:43
2949,전라선 상행,1504,45,11:00
2950,전라선 상행,1504,44,11:09
2951,전라선 상행,1504,30,11:20
2952,전라선 상행,1504,29,11:33
2953,전라선 상행,1504,28,11:42
2954,전라선 상행,1504,27,11:52
2955,전라선 상행,1504,218,12:11
2956,전라선 상행,1504,25,12:28
2957,전라선 상행,1504,9,12:41
2958,전라선 상행,1504,8,12:51
2959,전라선 상행,1504,7,12:59
2960,전라선 상행,1504,5,13:21
2961,전라선 상행,1504,4,13:35
2962,전라선 상행,1504,3,13:57
2963,전라선 상행,1504,2,14:19
2964,전라선 상행,1504,104,14:26
2965,전라선 상행,1506,53,10:35
2966,전라선 상행,1506,139,10:43
2967,전라선 상행,1506,51,11:00
2968,전라선 상행,1506,50,11:17
2969,전라선 상행,1506,49,11:30
2970,전라선 상행,1506,48,11:42
2971,전라선 상행,1506,47,11:53
2972,전라선 상행,1506,45,12:15
2973,전라선 상행,1506,44,12:23
2974,전라선 상행,1506,30,12:34
2975,전라선 상행,1506,29,12:47
2976,전라선 상행,1506,27,13:04
2977,전라선 상행,1506,25,13:37
2978,전라선 상행,1506,9,13:50
2979,전라선 상행,1506,7,14:05
2980,전라선 상행,1506,5,14:28
2981,전라선 상행,1506,4,14:43
2982,전라선 상행,1506,3,15:05
2983,전라선 상행,1506,2,15:29
2984,전라선 상행,1506,104,15:36
2985,전라선 상행,1534,53,11:04
2986,전라선 상행,1534,139,11:12
2987,전라선 상행,1534,51,11:27
2988,전라선 상행,1534,50,11:42
2989,전라선 상행,1534,49,11:54
2990,전라선 상행,1534,48,12:05
2991,전라선 상행,1534,47,12:16
2992,전라선 상행,1534,46,12:24
2993,전라선 상행,1534,45,12:41
2994,전라선 상행,1534,44,12:50
2995,전라선 상행,1534,30,12:59
2996,전라선 상행,1508,53,12:20
2997,전라선 상행,1508,139,12:28
2998,전라선 상행,1508,51,12:44
2999,전라선 상행,1508,50,12:59
3000,전라선 상행,1508,49,13:12
3001,전라선 상행,1508,48,13:24
3002,전라선 상행,1508,47,13:35
3003,전라선 상행,1508,46,13:43
3004,전라선 상행,1508,45,14:00
3005,전라선 상행,1508,44,14:09
3006,전라선 상행,1508,30,14:21
3007,전라선 상행,1508,29,14:34
3008,전라선 상행,1508,28,14:43
3009,전라선 상행,1508,27,14:52
3010,전라선 상행,1508,26,15:02
3011,전라선 상행,1508,25,15:29
3012,전라선 상행,1508,9,15:43
3013,전라선 상행,1508,7,15:59
3014,전라선 상행,1508,5,16:21
3015,전라선 상행,1508,4,16:37
3016,전라선 상행,1508,3,16:59
3017,전라선 상행,1508,2,17:23
3018,전라선 상행,1508,104,17:30
3019,전라선 상행,1510,53,13:27
3020,전라선 상행,1510,139,13:36
3021,전라선 상행,1510,51,13:52
3022,전라선 상행,1510,50,14:09
3023,전라선 상행,1510,49,14:23
3024,전라선 상행,1510,48,14:35
3025,전라선 상행,1510,47,14:47
3026,전라선 상행,1510,45,15:11
3027,전라선 상행,1510,44,15:20
3028,전라선 상행,1510,30,15:32
3029,전라선 상행,1510,28,15:52
3030,전라선 상행,1510,27,16:01
3031,전라선 상행,1510,26,16:11
3032,전라선 상행,1510,25,16:38
3033,전라선 상행,1510,7,17:08
3034,전라선 상행,1510,5,17:31
3035,전라선 상행,1510,4,17:46
3036,전라선 상행,1510,3,18:08
3037,전라선 상행,1510,2,18:35
3038,전라선 상행,1510,104,18:42
3039,전라선 상행,1512,53,14:25
3040,전라선 상행,1512,139,14:33
3041,전라선 상행,1512,51,14:48
3042,전라선 상행,1512,50,15:04
3043,전라선 상행,1512,49,15:16
3044,전라선 상행,1512,48,15:27
3045,전라선 상행,1512,47,15:37
3046,전라선 상행,1512,46,15:45
3047,전라선 상행,1512,45,16:01
3048,전라선 상행,1512,44,16:09
3049,전라선 상행,1512,30,16:28
3050,전라선 상행,1512,29,16:41
3051,전라선 상행,1512,28,16:50
3052,전라선 상행,1512,27,16:59
3053,전라선 상행,1512,218,17:18
3054,전라선 상행,1512,25,17:35
3055,전라선 상행,1512,9,17:50
3056,전라선 상행,1512,8,18:00
3057,전라선 상행,1512,7,18:08
3058,전라선 상행,1512,5,18:30
3059,전라선 상행,1512,248,18:40
3060,전라선 상행,1512,4,18:48
3061,전라선 상행,1512,141,19:00
3062,전라선 상행,1512,3,19:12
3063,전라선 상행,1512,135,19:25
3064,전라선 상행,1512,2,19:39
3065,전라선 상행,1512,104,19:46
3066,전라선 상행,1124,53,16:05
3067,전라선 상행,1124,139,16:13
3068,전라선 상행,1124,51,16:29
3069,전라선 상행,1124,50,16:45
3070,전라선 상행,1124,49,16:57
3071,전라선 상행,1124,48,17:08
3072,전라선 상행,1124,45,17:37
3073,전라선 상행,1124,30,17:54
3074,전라선 상행,1124,27,18:18
3075,전라선 상행,1124,25,18:49
3076,전라선 상행,1124,5,19:32
3077,전라선 상행,1124,3,20:03
3078,전라선 상행,1124,2,20:26
3079,전라선 상행,1124,104,20:33
3080,전라선 상행,1514,53,16:40
3081,전라선 상행,1514,139,16:48
3082,전라선 상행,1514,51,17:03
3083,전라선 상행,1514,50,17:18
3084,전라선 상행,1514,49,17:30
3085,전라선 상행,1514,48,17:42
3086,전라선 상행,1514,47,17:52
3087,전라선 상행,1514,46,18:00
3088,전라선 상행,1514,45,18:16
3089,전라선 상행,1514,44,18:24
3090,전라선 상행,1514,30,18:36
3091,전라선 상행,1514,29,18:49
3092,전라선 상행,1514,28,18:58
3093,전라선 상행,1514,27,19:07
3094,전라선 상행,1514,218,19:25
3095,전라선 상행,1514,25,19:41
3096,전라선 상행,1514,9,19:54
3097,전라선 상행,1514,7,20:10
3098,전라선 상행,1514,6,20:21
3099,전라선 상행,1514,5,20:34
3100,전라선 상행,1514,4,20:48
3101,전라선 상행,1514,3,21:09
3102,전라선 상행,1514,2,21:33
3103,전라선 상행,1514,104,21:40
3104,전라선 상행,1536,53,19:02
3105,전라선 상행,1536,139,19:10
3106,전라선 상행,1536,51,19:26
3107,전라선 상행,1536,50,19:43
3108,전라선 상행,1536,49,19:55
3109,전라선 상행,1536,48,20:06
3110,전라선 상행,1536,47,20:17
3111,전라선 상행,1536,46,20:25
3112,전라선 상행,1536,45,20:43
3113,전라선 상행,1536,44,20:52
3114,전라선 상행,1536,30,21:01
3115,전라선 상행,1516,53,19:31
3116,전라선 상행,1516,139,19:39
3117,전라선 상행,1516,51,19:55
3118,전라선 상행,1516,50,20:11
3119,전라선 상행,1516,49,20:23
3120,전라선 상행,1516,48,20:34
3121,전라선 상행,1516,47,20:45
3122,전라선 상행,1516,45,21:07
3123,전라선 상행,1516,44,21:16
3124,전라선 상행,1516,30,21:28
3125,전라선 상행,1516,28,21:48
3126,전라선 상행,1516,27,21:57
3127,전라선 상행,1516,218,22:16
3128,전라선 상행,1516,25,22:32
3129,전라선 상행,1516,7,23:00
3130,전라선 상행,1516,5,23:22
3131,전라선 상행,1516,4,23:37
3132,전라선 상행,1516,3,00:01
3133,전라선 상행,1516,2,00:25
3134,전라선 상행,1516,104,00:32
3135,전라선 상행,1518,53,23:15
3136,전라선 상행,1518,139,23:24
3137,전라선 상행,1518,51,23:40
3138,전라선 상행,1518,50,23:57
3139,전라선 상행,1518,49,00:10
3140,전라선 상행,1518,48,00:23
3141,전라선 상행,1518,47,00:35
3142,전라선 상행,1518,45,00:58
3143,전라선 상행,1518,30,01:16
3144,전라선 상행,1518,27,01:43
3145,전라선 상행,1518,25,02:16
3146,전라선 상행,1518,7,02:44
3147,전라선 상행,1518,5,03:06
3148,전라선 상행,1518,4,03:21
3149,전라선 상행,1518,3,03:42
3150,전라선 상행,1518,2,04:07
3151,전라선 상행,1518,104,04:15
